date,consumption
10-Jan/ 1:00 PM,0.255
10-Jan/ 2:00 PM,0.264
10-Jan/ 3:00 PM,0.253
10-Jan/ 4:00 PM,0.25
10-Jan/ 5:00 PM,0.234
10-Jan/ 6:00 PM,0.249
10-Jan/ 7:00 PM,0.297
10-Jan/ 8:00 PM,0.323
10-Jan/ 9:00 PM,0.423
10-Jan/ 10:00 PM,0.418
10-Jan/ 11:00 PM,0.418
10-Jan/ 12:00 PM,0.431
10-Jan/ 13:00 PM,0.424
10-Jan/ 14:00 PM,0.424
10-Jan/ 15:00 PM,0.426
10-Jan/ 16:00 PM,0.419
10-Jan/ 17:00 PM,0.423
10-Jan/ 18:00 PM,0.434
10-Jan/ 19:00 PM,0.393
10-Jan/ 20:00 PM,0.367
10-Jan/ 21:00 PM,0.356
10-Jan/ 22:00 PM,0.313
10-Jan/ 23:00 PM,0.288
10-Jan/ 24:00 PM,0.284
11-Jan/ 1:00 PM,0.28
11-Jan/ 2:00 PM,0.281
11-Jan/ 3:00 PM,0.288
11-Jan/ 4:00 PM,0.287
10-Jan/ 5:00 PM,0.329
10-Jan/ 6:00 PM,0.389
10-Jan/ 7:00 PM,0.541
10-Jan/ 8:00 PM,0.563
10-Jan/ 9:00 PM,0.631
10-Jan/ 10:00 PM,0.663
10-Jan/ 11:00 PM,0.657
10-Jan/ 12:00 PM,0.745
10-Jan/ 13:00 PM,0.76
10-Jan/ 14:00 PM,0.715
10-Jan/ 15:00 PM,0.73
10-Jan/ 16:00 PM,0.717
10-Jan/ 17:00 PM,0.693
10-Jan/ 18:00 PM,0.67
10-Jan/ 19:00 PM,0.656
10-Jan/ 20:00 PM,0.623
10-Jan/ 21:00 PM,0.602
10-Jan/ 22:00 PM,0.499
10-Jan/ 23:00 PM,0.39
10-Jan/ 24:00 PM,0.332
11-Jan/ 1:00 PM,0.295
11-Jan/ 2:00 PM,0.299
11-Jan/ 3:00 PM,0.311
11-Jan/ 4:00 PM,0.304
11-Jan/ 5:00 PM,0.293
11-Jan/ 6:00 PM,0.369
11-Jan/ 7:00 PM,0.515
11-Jan/ 8:00 PM,0.622
11-Jan/ 9:00 PM,0.795
11-Jan/ 10:00 PM,0.844
11-Jan/ 11:00 PM,0.873
11-Jan/ 12:00 PM,0.859
11-Jan/ 13:00 PM,0.853
11-Jan/ 14:00 PM,0.865
11-Jan/ 15:00 PM,0.903
11-Jan/ 16:00 PM,0.898
11-Jan/ 17:00 PM,0.889
11-Jan/ 1:00 PM,0.854
11-Jan/ 2:00 PM,0.837
11-Jan/ 3:00 PM,0.76
11-Jan/ 4:00 PM,0.687
11-Jan/ 5:00 PM,0.544
11-Jan/ 6:00 PM,0.354
11-Jan/ 7:00 PM,0.295
11-Jan/ 8:00 PM,0.295
11-Jan/ 9:00 PM,0.291
11-Jan/ 10:00 PM,0.29
11-Jan/ 11:00 PM,0.32
11-Jan/ 12:00 PM,0.292
11-Jan/ 13:00 PM,0.37
11-Jan/ 14:00 PM,0.526
11-Jan/ 15:00 PM,0.729
11-Jan/ 16:00 PM,0.821
11-Jan/ 17:00 PM,0.85
11-Jan/ 1:00 PM,0.826
11-Jan/ 2:00 PM,0.857
11-Jan/ 3:00 PM,0.866
11-Jan/ 4:00 PM,0.845
11-Jan/ 5:00 PM,0.853
11-Jan/ 6:00 PM,0.889
,0.88
,0.86
,0.846
,0.824
,0.791
,0.597
,0.39
,0.323
,0.318
,0.325
,0.32
,0.346
,0.322
,0.347
,0.582
,0.679
,0.739
,0.823
,0.815
,0.819
,0.811
,0.805
,0.805
,0.805
,0.812
,0.822
,0.806
,0.782
,0.731
,0.583
,0.409
,0.369
,0.351
,0.322
,0.32
,0.333
,0.327
,0.386
,0.516
,0.663
,0.788
,0.835
,0.859
,0.871
,0.862
,0.881
,0.854
,0.835
,0.811
,0.792
,0.827
,0.783
,0.749
,0.568
,0.394
,0.318
,0.307
,0.32
,0.308
,0.315
,0.324
,0.373
,0.546
,0.671
,0.824
,0.889
,0.905
,0.877
,0.882
,0.9
,0.906
,0.878
,0.861
,0.863
,0.803
,0.774
,0.75
,0.568
,0.371
,0.301
,0.286
,0.289
,0.287
,0.285
,0.292
,0.353
,0.501
,0.667
,0.828
,0.882
,0.897
,0.954
,0.924
,0.913
,0.901
,0.839
,0.849
,0.84
,0.813
,0.815
,0.778
,0.586
,0.384
,0.312
,0.296
,0.295
,0.295
,0.283
,0.274
,0.345
,0.491
,0.656
,0.769
,0.845
,0.822
,0.847
,0.891
,0.91
,0.872
,0.861
,0.844
,0.846
,0.844
,0.82
,0.771
,0.575
,0.351
,0.298
,0.282
,0.292
,0.291
,0.316
,0.298
,0.353
,0.493
,0.574
,0.75
,0.797
,0.867
,0.864
,0.873
,0.877
,0.849
,0.856
,0.83
,0.797
,0.812
,0.728
,0.621
,0.539
,0.36
,0.308
,0.302
,0.308
,0.311
,0.309
,0.306
,0.361
,0.534
,0.634
,0.706
,0.782
,0.806
,0.859
,0.826
,0.809
,0.808
,0.811
,0.797
,0.792
,0.809
,0.786
,0.769
,0.576
,0.411
,0.357
,0.365
,0.36
,0.35
,0.353
,0.34
,0.359
,0.519
,0.621
,0.775
,0.832
,0.833
,0.811
,0.797
,0.805
,0.8
,0.797
,0.782
,0.77
,0.774
,0.763
,0.728
,0.571
,0.403
,0.369
,0.376
,0.383
,0.366
,0.369
,0.348
,0.341
,0.558
,0.667
,0.747
,0.826
,0.805
,0.82
,0.855
,0.84
,0.814
,0.815
,0.824
,0.818
,0.805
,0.796
,0.777
,0.601
,0.442
,0.399
,0.393
,0.407
,0.4
,0.39
,0.388
,0.394
,0.568
,0.712
,0.798
,0.867
,0.846
,0.862
,0.868
,0.876
,0.809
,0.815
,0.804
,0.813
,0.815
,0.792
,0.764
,0.606
,0.429
,0.38
,0.359
,0.344
,0.315
,0.331
,0.334
,0.382
,0.591
,0.721
,0.811
,0.859
,0.888
,0.879
,0.884
,0.882
,0.872
,0.848
,0.895
,0.934
,0.899
,0.891
,0.854
,0.62
,0.423
,0.366
,0.353
,0.354
,0.343
,0.349
,0.334
,0.343
,0.577
,0.707
,0.885
,0.905
,0.923
,0.899
,0.969
,0.978
,0.974
,0.98
,0.949
,0.947
,0.924
,0.898
,0.844
,0.611
,0.388
,0.313
,0.285
,0.282
,0.285
,0.261
,0.264
,0.315
,0.453
,0.6
,0.795
,0.847
,0.854
,0.873
,0.829
,0.845
,0.849
,0.849
,0.808
,0.829
,0.771
,0.679
,0.64
,0.518
,0.346
,0.293
,0.291
,0.267
,0.276
,0.271
,0.269
,0.284
,0.523
,0.648
,0.807
,0.805
,0.839
,0.834
,0.838
,0.817
,0.802
,0.786
,0.814
,0.796
,0.794
,0.813
,0.779
,0.585
,0.388
,0.33
,0.317
,0.314
,0.304
,0.309
,0.3
,0.314
,0.547
,0.656
,0.799
,0.871
,0.867
,0.883
,0.857
,0.871
,0.88
,0.889
,0.858
,0.854
,0.839
,0.84
,0.803
,0.569
,0.351
,0.293
,0.282
,0.282
,0.296
,0.302
,0.294
,0.319
,0.541
,0.652
,0.841
,0.836
,0.849
,0.873
,0.895
,0.921
,0.972
,0.923
,0.929
,0.917
,0.886
,0.877
,0.829
,0.573
,0.401
,0.352
,0.351
,0.348
,0.338
,0.346
,0.343
,0.366
,0.56
,0.671
,0.83
,0.882
,0.935
,0.942
,0.95
,0.936
,0.901
,0.887
,0.868
,0.852
,0.848
,0.843
,0.816
,0.594
,0.39
,0.324
,0.325
,0.334
,0.32
,0.339
,0.348
,0.333
,0.533
,0.667
,0.882
,0.914
,0.889
,0.888
,0.912
,0.923
,0.896
,0.876
,0.876
,0.873
,0.883
,0.872
,0.799
,0.589
,0.385
,0.323
,0.323
,0.326
,0.323
,0.325
,0.333
,0.381
,0.536
,0.672
,0.801
,0.913
,0.988
,0.97
,0.971
,1.011
,0.999
,0.965
,1.012
,0.967
,0.957
,0.942
,0.908
,0.603
,0.368
,0.308
,0.283
,0.287
,0.289
,0.282
,0.289
,0.376
,0.504
,0.666
,0.822
,0.884
,0.933
,0.916
,0.904
,0.974
,0.96
,0.965
,0.94
,0.942
,0.915
,0.863
,0.725
,0.607
,0.382
,0.307
,0.286
,0.288
,0.294
,0.298
,0.295
,0.337
,0.52
,0.638
,0.792
,0.811
,0.901
,0.929
,0.92
,0.9
,0.949
,0.894
,0.876
,0.919
,0.922
,0.858
,0.792
,0.596
,0.371
,0.314
,0.305
,0.31
,0.301
,0.3
,0.295
,0.323
,0.535
,0.662
,0.817
,0.892
,0.889
,0.859
,0.858
,0.835
,0.873
,0.83
,0.844
,0.842
,0.838
,0.822
,0.768
,0.595
,0.397
,0.322
,0.33
,0.315
,0.313
,0.317
,0.314
,0.372
,0.528
,0.665
,0.76
,0.845
,0.884
,0.879
,0.9
,0.887
,0.837
,0.827
,0.828
,0.834
,0.837
,0.823
,0.784
,0.583
,0.399
,0.329
,0.322
,0.321
,0.329
,0.32
,0.318
,0.363
,0.572
,0.678
,0.807
,0.858
,0.887
,0.857
,0.851
,0.843
,0.876
,0.908
,0.885
,0.87
,0.842
,0.833
,0.787
,0.597
,0.426
,0.368
,0.358
,0.355
,0.337
,0.345
,0.345
,0.415
,0.588
,0.684
,0.836
,0.873
,0.909
,0.886
,0.902
,0.905
,0.889
,0.864
,0.849
,0.888
,0.84
,0.823
,0.805
,0.628
,0.419
,0.352
,0.355
,0.353
,0.358
,0.352
,0.347
,0.398
,0.597
,0.665
,0.82
,0.903
,0.889
,0.932
,0.918
,0.923
,0.952
,0.91
,0.882
,0.898
,0.84
,0.815
,0.786
,0.582
,0.412
,0.34
,0.331
,0.323
,0.319
,0.32
,0.312
,0.322
,0.564
,0.611
,0.842
,0.927
,0.906
,0.874
,0.851
,0.855
,0.848
,0.839
,0.836
,0.817
,0.829
,0.74
,0.668
,0.549
,0.424
,0.355
,0.349
,0.342
,0.347
,0.351
,0.346
,0.361
,0.515
,0.619
,0.78
,0.809
,0.81
,0.814
,0.817
,0.795
,0.798
,0.769
,0.796
,0.779
,0.774
,0.764
,0.758
,0.602
,0.394
,0.358
,0.354
,0.347
,0.354
,0.359
,0.415
,0.468
,0.591
,0.614
,0.775
,0.834
,0.885
,0.887
,0.885
,0.841
,0.813
,0.789
,0.796
,0.792
,0.812
,0.79
,0.755
,0.578
,0.407
,0.35
,0.35
,0.354
,0.358
,0.35
,0.333
,0.409
,0.546
,0.654
,0.804
,0.858
,0.88
,0.837
,0.829
,0.856
,0.812
,0.792
,0.782
,0.786
,0.782
,0.784
,0.768
,0.618
,0.405
,0.343
,0.346
,0.372
,0.357
,0.362
,0.336
,0.364
,0.56
,0.683
,0.821
,0.896
,0.872
,0.87
,0.845
,0.838
,0.842
,0.84
,0.798
,0.825
,0.836
,0.805
,0.773
,0.602
,0.406
,0.343
,0.332
,0.329
,0.324
,0.333
,0.332
,0.389
,0.58
,0.71
,0.833
,0.875
,0.918
,0.932
,0.917
,0.882
,0.87
,0.872
,0.854
,0.864
,0.836
,0.819
,0.773
,0.596
,0.41
,0.327
,0.317
,0.342
,0.322
,0.324
,0.327
,0.332
,0.557
,0.667
,0.835
,0.864
,0.872
,0.882
,0.879
,0.914
,0.883
,0.883
,0.872
,0.861
,0.873
,0.856
,0.794
,0.629
,0.443
,0.367
,0.36
,0.357
,0.353
,0.351
,0.359
,0.402
,0.545
,0.632
,0.879
,0.853
,0.831
,0.882
,0.863
,0.879
,0.91
,0.887
,0.834
,0.868
,0.812
,0.725
,0.647
,0.553
,0.395
,0.318
,0.308
,0.306
,0.307
,0.299
,0.302
,0.349
,0.585
,0.658
,0.774
,0.804
,0.858
,0.866
,0.835
,0.836
,0.846
,0.856
,0.861
,0.868
,0.849
,0.822
,0.792
,0.611
,0.409
,0.355
,0.329
,0.334
,0.328
,0.332
,0.331
,0.396
,0.588
,0.665
,0.768
,0.844
,0.855
,0.859
,0.88
,0.83
,0.79
,0.812
,0.819
,0.824
,0.801
,0.78
,0.76
,0.598
,0.403
,0.346
,0.335
,0.351
,0.345
,0.342
,0.328
,0.417
,0.594
,0.686
,0.773
,0.838
,0.868
,0.884
,0.86
,0.853
,0.854
,0.852
,0.812
,0.835
,0.823
,0.798
,0.756
,0.628
,0.443
,0.359
,0.351
,0.368
,0.348
,0.366
,0.343
,0.411
,0.549
,0.662
,0.769
,0.832
,0.846
,0.845
,0.87
,0.857
,0.812
,0.818
,0.81
,0.816
,0.804
,0.776
,0.762
,0.635
,0.426
,0.359
,0.359
,0.343
,0.337
,0.346
,0.345
,0.401
,0.641
,0.685
,0.785
,0.862
,0.878
,0.888
,0.897
,0.872
,0.844
,0.83
,0.854
,0.859
,0.857
,0.819
,0.781
,0.603
,0.408
,0.339
,0.347
,0.344
,0.335
,0.342
,0.343
,0.405
,0.581
,0.702
,0.789
,0.851
,0.881
,0.892
,0.876
,0.915
,0.896
,0.851
,0.883
,0.85
,0.822
,0.804
,0.779
,0.601
,0.407
,0.36
,0.343
,0.352
,0.327
,0.323
,0.325
,0.389
,0.502
,0.644
,0.805
,0.902
,0.878
,0.884
,0.842
,0.843
,0.874
,0.844
,0.826
,0.842
,0.812
,0.721
,0.653
,0.567
,0.411
,0.363
,0.342
,0.351
,0.344
,0.345
,0.336
,0.422
,0.606
,0.647
,0.76
,0.813
,0.834
,0.849
,0.863
,0.866
,0.806
,0.785
,0.778
,0.793
,0.778
,0.759
,0.726
,0.581
,0.417
,0.373
,0.366
,0.386
,0.374
,0.357
,0.357
,0.44
,0.555
,0.651
,0.744
,0.802
,0.801
,0.781
,0.809
,0.794
,0.807
,0.811
,0.777
,0.771
,0.746
,0.716
,0.702
,0.584
,0.406
,0.333
,0.321
,0.329
,0.341
,0.322
,0.307
,0.365
,0.554
,0.663
,0.767
,0.848
,0.88
,0.862
,0.861
,0.838
,0.848
,0.838
,0.787
,0.819
,0.826
,0.775
,0.745
,0.584
,0.387
,0.321
,0.323
,0.324
,0.337
,0.322
,0.309
,0.383
,0.574
,0.645
,0.83
,0.832
,0.844
,0.815
,0.812
,0.818
,0.812
,0.786
,0.805
,0.814
,0.814
,0.749
,0.736
,0.592
,0.389
,0.321
,0.313
,0.306
,0.307
,0.316
,0.296
,0.362
,0.582
,0.635
,0.815
,0.864
,0.836
,0.842
,0.837
,0.882
,0.867
,0.867
,0.834
,0.822
,0.847
,0.804
,0.757
,0.596
,0.394
,0.323
,0.32
,0.324
,0.311
,0.329
,0.308
,0.376
,0.561
,0.656
,0.767
,0.877
,0.861
,0.89
,0.893
,0.883
,0.869
,0.863
,0.816
,0.842
,0.817
,0.789
,0.749
,0.598
,0.371
,0.283
,0.278
,0.3
,0.281
,0.278
,0.278
,0.325
,0.533
,0.623
,0.798
,0.828
,0.854
,0.849
,0.828
,0.852
,0.826
,0.779
,0.817
,0.789
,0.771
,0.692
,0.618
,0.559
,0.41
,0.321
,0.31
,0.311
,0.314
,0.32
,0.328
,0.385
,0.575
,0.645
,0.74
,0.844
,0.84
,0.805
,0.793
,0.763
,0.751
,0.752
,0.744
,0.765
,0.782
,0.748
,0.72
,0.563
,0.397
,0.328
,0.313
,0.315
,0.317
,0.327
,0.331
,0.38
,0.603
,0.645
,0.788
,0.817
,0.811
,0.833
,0.826
,0.814
,0.783
,0.772
,0.761
,0.795
,0.782
,0.762
,0.726
,0.592
,0.392
,0.339
,0.318
,0.318
,0.335
,0.341
,0.323
,0.375
,0.61
,0.64
,0.711
,0.789
,0.779
,0.817
,0.847
,0.806
,0.759
,0.746
,0.762
,0.765
,0.746
,0.719
,0.698
,0.583
,0.378
,0.319
,0.293
,0.295
,0.286
,0.296
,0.293
,0.396
,0.566
,0.611
,0.693
,0.782
,0.826
,0.786
,0.817
,0.803
,0.779
,0.778
,0.764
,0.755
,0.801
,0.755
,0.718
,0.581
,0.402
,0.345
,0.329
,0.336
,0.326
,0.327
,0.311
,0.386
,0.573
,0.675
,0.732
,0.781
,0.807
,0.81
,0.821
,0.87
,0.831
,0.822
,0.792
,0.799
,0.802
,0.783
,0.727
,0.608
,0.384
,0.323
,0.329
,0.312
,0.321
,0.328
,0.31
,0.314
,0.606
,0.644
,0.77
,0.856
,0.833
,0.857
,0.846
,0.839
,0.895
,0.888
,0.823
,0.833
,0.823
,0.804
,0.797
,0.602
,0.401
,0.334
,0.335
,0.326
,0.328
,0.327
,0.321
,0.388
,0.494
,0.597
,0.76
,0.839
,0.85
,0.843
,0.836
,0.826
,0.819
,0.789
,0.791
,0.789
,0.782
,0.763
,0.667
,0.534
,0.42
,0.34
,0.349
,0.348
,0.336
,0.348
,0.34
,0.38
,0.596
,0.65
,0.723
,0.774
,0.814
,0.819
,0.797
,0.811
,0.79
,0.77
,0.733
,0.772
,0.771
,0.766
,0.75
,0.624
,0.469
,0.363
,0.35
,0.349
,0.353
,0.357
,0.353
,0.384
,0.613
,0.659
,0.748
,0.765
,0.793
,0.786
,0.803
,0.762
,0.762
,0.734
,0.748
,0.752
,0.768
,0.72
,0.696
,0.564
,0.38
,0.338
,0.31
,0.312
,0.33
,0.328
,0.321
,0.364
,0.59
,0.639
,0.768
,0.786
,0.776
,0.837
,0.801
,0.777
,0.763
,0.779
,0.747
,0.747
,0.765
,0.749
,0.73
,0.562
,0.378
,0.323
,0.299
,0.289
,0.295
,0.292
,0.278
,0.318
,0.532
,0.638
,0.739
,0.796
,0.832
,0.827
,0.835
,0.807
,0.818
,0.787
,0.749
,0.773
,0.757
,0.746
,0.736
,0.567
,0.367
,0.298
,0.289
,0.292
,0.297
,0.299
,0.298
,0.354
,0.56
,0.621
,0.739
,0.878
,0.926
,0.97
,0.993
,0.927
,0.944
,0.96
,0.904
,0.928
,0.924
,0.868
,0.838
,0.63
,0.38
,0.305
,0.32
,0.309
,0.3
,0.318
,0.297
,0.347
,0.554
,0.673
,0.777
,0.85
,0.85
,0.865
,0.853
,0.887
,0.833
,0.83
,0.807
,0.793
,0.781
,0.745
,0.697
,0.567
,0.334
,0.271
,0.266
,0.256
,0.247
,0.257
,0.242
,0.306
,0.559
,0.637
,0.751
,0.794
,0.784
,0.774
,0.788
,0.799
,0.773
,0.768
,0.748
,0.77
,0.795
,0.756
,0.606
,0.534
,0.376
,0.289
,0.287
,0.304
,0.283
,0.282
,0.287
,0.348
,0.568
,0.646
,0.684
,0.749
,0.765
,0.746
,0.782
,0.793
,0.783
,0.727
,0.699
,0.701
,0.757
,0.706
,0.689
,0.563
,0.389
,0.3
,0.291
,0.293
,0.296
,0.285
,0.296
,0.361
,0.545
,0.646
,0.774
,0.799
,0.747
,0.743
,0.758
,0.757
,0.763
,0.757
,0.753
,0.745
,0.704
,0.725
,0.707
,0.552
,0.376
,0.296
,0.287
,0.283
,0.29
,0.275
,0.299
,0.365
,0.574
,0.618
,0.714
,0.792
,0.772
,0.825
,0.813
,0.792
,0.784
,0.743
,0.733
,0.784
,0.751
,0.746
,0.724
,0.579
,0.361
,0.314
,0.316
,0.312
,0.303
,0.291
,0.29
,0.364
,0.507
,0.596
,0.711
,0.789
,0.818
,0.848
,0.807
,0.784
,0.807
,0.775
,0.764
,0.787
,0.769
,0.755
,0.765
,0.593
,0.382
,0.326
,0.302
,0.301
,0.311
,0.311
,0.296
,0.369
,0.543
,0.617
,0.717
,0.811
,0.805
,0.826
,0.835
,0.816
,0.832
,0.856
,0.874
,0.827
,0.864
,0.85
,0.794
,0.583
,0.391
,0.327
,0.32
,0.306
,0.302
,0.307
,0.311
,0.384
,0.557
,0.603
,0.776
,0.852
,0.877
,0.878
,0.909
,0.867
,0.855
,0.904
,0.841
,0.847
,0.817
,0.804
,0.774
,0.565
,0.376
,0.31
,0.312
,0.303
,0.298
,0.301
,0.3
,0.294
,0.583
,0.618
,0.8
,0.847
,0.859
,0.85
,0.85
,0.83
,0.836
,0.84
,0.783
,0.8
,0.778
,0.771
,0.653
,0.528
,0.368
,0.284
,0.281
,0.27
,0.26
,0.259
,0.275
,0.344
,0.519
,0.583
,0.723
,0.77
,0.782
,0.795
,0.78
,0.778
,0.806
,0.791
,0.771
,0.755
,0.745
,0.721
,0.694
,0.542
,0.366
,0.298
,0.308
,0.328
,0.308
,0.297
,0.305
,0.384
,0.552
,0.575
,0.717
,0.777
,0.803
,0.778
,0.792
,0.812
,0.788
,0.758
,0.759
,0.759
,0.747
,0.767
,0.751
,0.565
,0.367
,0.313
,0.293
,0.31
,0.285
,0.302
,0.307
,0.353
,0.568
,0.63
,0.736
,0.819
,0.828
,0.812
,0.828
,0.796
,0.796
,0.765
,0.752
,0.743
,0.771
,0.773
,0.737
,0.553
,0.364
,0.328
,0.317
,0.317
,0.308
,0.294
,0.291
,0.334
,0.561
,0.656
,0.754
,0.794
,0.79
,0.808
,0.836
,0.789
,0.756
,0.76
,0.741
,0.728
,0.745
,0.759
,0.763
,0.55
,0.36
,0.316
,0.313
,0.314
,0.317
,0.304
,0.299
,0.35
,0.539
,0.614
,0.774
,0.834
,0.847
,0.806
,0.798
,0.831
,0.787
,0.758
,0.73
,0.761
,0.754
,0.742
,0.751
,0.573
,0.362
,0.312
,0.323
,0.311
,0.311
,0.309
,0.313
,0.341
,0.579
,0.617
,0.758
,0.835
,0.861
,0.844
,0.873
,0.853
,0.832
,0.829
,0.774
,0.784
,0.801
,0.777
,0.718
,0.545
,0.359
,0.291
,0.305
,0.298
,0.288
,0.299
,0.282
,0.31
,0.524
,0.587
,0.792
,0.87
,0.849
,0.821
,0.822
,0.797
,0.79
,0.825
,0.759
,0.77
,0.735
,0.714
,0.657
,0.532
,0.359
,0.286
,0.286
,0.287
,0.286
,0.289
,0.272
,0.35
,0.569
,0.616
,0.687
,0.784
,0.76
,0.755
,0.75
,0.785
,0.752
,0.736
,0.735
,0.71
,0.725
,0.723
,0.687
,0.568
,0.37
,0.293
,0.285
,0.3
,0.285
,0.3
,0.305
,0.364
,0.58
,0.614
,0.706
,0.79
,0.826
,0.812
,0.79
,0.823
,0.784
,0.763
,0.768
,0.738
,0.731
,0.714
,0.695
,0.553
,0.36
,0.27
,0.274
,0.279
,0.261
,0.267
,0.275
,0.297
,0.59
,0.63
,0.742
,0.823
,0.847
,0.783
,0.764
,0.8
,0.793
,0.773
,0.792
,0.773
,0.789
,0.772
,0.723
,0.562
,0.392
,0.38
,0.368
,0.373
,0.381
,0.367
,0.384
,0.38
,0.63
,0.641
,0.768
,0.875
,0.884
,0.84
,0.839
,0.825
,0.795
,0.806
,0.807
,0.796
,0.776
,0.757
,0.755
,0.615
,0.411
,0.336
,0.33
,0.319
,0.309
,0.297
,0.311
,0.373
,0.61
,0.634
,0.795
,0.858
,0.874
,0.892
,0.889
,0.862
,0.851
,0.821
,0.794
,0.803
,0.795
,0.788
,0.769
,0.603
,0.354
,0.304
,0.266
,0.262
,0.259
,0.256
,0.253
,0.31
,0.579
,0.633
,0.76
,0.881
,0.899
,0.841
,0.855
,0.835
,0.8
,0.793
,0.787
,0.772
,0.757
,0.744
,0.742
,0.56
,0.337
,0.281
,0.276
,0.273
,0.264
,0.262
,0.262
,0.316
,0.483
,0.561
,0.743
,0.833
,0.861
,0.821
,0.818
,0.808
,0.825
,0.778
,0.781
,0.792
,0.731
,0.703
,0.647
,0.53
,0.359
,0.281
,0.272
,0.287
,0.273
,0.265
,0.282
,0.307
,0.584
,0.606
,0.708
,0.789
,0.763
,0.749
,0.766
,0.793
,0.761
,0.719
,0.714
,0.721
,0.683
,0.712
,0.71
,0.561
,0.399
,0.334
,0.324
,0.329
,0.324
,0.327
,0.326
,0.385
,0.561
,0.622
,0.736
,0.779
,0.772
,0.804
,0.804
,0.817
,0.768
,0.735
,0.728
,0.718
,0.715
,0.695
,0.694
,0.563
,0.339
,0.269
,0.252
,0.269
,0.283
,0.253
,0.251
,0.271
,0.554
,0.62
,0.707
,0.736
,0.754
,0.776
,0.781
,0.783
,0.786
,0.768
,0.766
,0.739
,0.725
,0.726
,0.727
,0.601
,0.384
,0.29
,0.274
,0.265
,0.279
,0.266
,0.284
,0.345
,0.547
,0.65
,0.684
,0.755
,0.751
,0.787
,0.789
,0.79
,0.783
,0.78
,0.776
,0.792
,0.761
,0.742
,0.734
,0.613
,0.364
,0.281
,0.283
,0.286
,0.284
,0.275
,0.269
,0.314
,0.568
,0.651
,0.748
,0.83
,0.813
,0.807
,0.826
,0.824
,0.811
,0.776
,0.841
,0.788
,0.763
,0.742
,0.728
,0.62
,0.359
,0.279
,0.267
,0.266
,0.277
,0.267
,0.252
,0.302
,0.558
,0.642
,0.741
,0.811
,0.789
,0.812
,0.842
,0.833
,0.81
,0.794
,0.746
,0.749
,0.752
,0.73
,0.726
,0.594
,0.333
,0.258
,0.251
,0.249
,0.251
,0.248
,0.235
,0.34
,0.511
,0.575
,0.722
,0.79
,0.799
,0.856
,0.804
,0.764
,0.74
,0.747
,0.737
,0.709
,0.704
,0.69
,0.647
,0.544
,0.352
,0.283
,0.265
,0.278
,0.278
,0.27
,0.259
,0.267
,0.518
,0.609
,0.699
,0.746
,0.763
,0.762
,0.74
,0.72
,0.743
,0.74
,0.734
,0.723
,0.69
,0.695
,0.706
,0.589
,0.37
,0.296
,0.296
,0.298
,0.284
,0.274
,0.289
,0.285
,0.584
,0.628
,0.705
,0.764
,0.761
,0.75
,0.758
,0.757
,0.789
,0.741
,0.764
,0.755
,0.741
,0.725
,0.723
,0.6
,0.366
,0.276
,0.252
,0.25
,0.257
,0.258
,0.265
,0.355
,0.599
,0.622
,0.684
,0.786
,0.779
,0.789
,0.759
,0.755
,0.806
,0.79
,0.792
,0.78
,0.731
,0.731
,0.74
,0.605
,0.36
,0.292
,0.267
,0.27
,0.272
,0.258
,0.263
,0.34
,0.549
,0.643
,0.709
,0.783
,0.791
,0.798
,0.842
,0.779
,0.795
,0.78
,0.758
,0.768
,0.762
,0.739
,0.753
,0.619
,0.375
,0.292
,0.276
,0.265
,0.265
,0.263
,0.257
,0.356
,0.629
,0.64
,0.731
,0.783
,0.829
,0.864
,0.81
,0.796
,0.758
,0.746
,0.734
,0.734
,0.714
,0.69
,0.706
,0.57
,0.358
,0.267
,0.274
,0.279
,0.263
,0.254
,0.255
,0.268
,0.594
,0.639
,0.752
,0.752
,0.771
,0.788
,0.75
,0.77
,0.746
,0.759
,0.769
,0.709
,0.719
,0.722
,0.747
,0.597
,0.363
,0.281
,0.274
,0.259
,0.259
,0.265
,0.254
,0.28
,0.563
,0.634
,0.709
,0.778
,0.799
,0.758
,0.755
,0.749
,0.737
,0.736
,0.749
,0.716
,0.696
,0.679
,0.631
,0.533
,0.349
,0.275
,0.282
,0.29
,0.283
,0.274
,0.272
,0.339
,0.581
,0.655
,0.689
,0.716
,0.731
,0.76
,0.771
,0.798
,0.753
,0.731
,0.738
,0.757
,0.735
,0.719
,0.722
,0.568
,0.372
,0.32
,0.311
,0.326
,0.313
,0.305
,0.307
,0.346
,0.634
,0.643
,0.677
,0.759
,0.848
,0.796
,0.754
,0.757
,0.743
,0.717
,0.702
,0.691
,0.679
,0.674
,0.711
,0.568
,0.37
,0.299
,0.288
,0.308
,0.297
,0.287
,0.296
,0.328
,0.587
,0.62
,0.7
,0.685
,0.679
,0.711
,0.691
,0.706
,0.812
,0.924
,0.907
,0.903
,0.859
,0.714
,0.723
,0.591
,0.394
,0.323
,0.315
,0.326
,0.349
,0.323
,0.31
,0.378
,0.591
,0.673
,0.711
,0.739
,0.776
,0.826
,0.801
,0.77
,0.791
,0.751
,0.741
,0.722
,0.709
,0.695
,0.757
,0.6
,0.371
,0.286
,0.264
,0.259
,0.276
,0.26
,0.249
,0.277
,0.594
,0.622
,0.738
,0.797
,0.804
,0.797
,0.821
,0.797
,0.803
,0.764
,0.766
,0.748
,0.731
,0.728
,0.72
,0.592
,0.344
,0.268
,0.26
,0.253
,0.263
,0.259
,0.253
,0.332
,0.547
,0.606
,0.745
,0.816
,0.826
,0.812
,0.842
,0.816
,0.825
,0.796
,0.761
,0.795
,0.8
,0.744
,0.729
,0.59
,0.377
,0.304
,0.299
,0.286
,0.296
,0.293
,0.287
,0.347
,0.505
,0.585
,0.726
,0.773
,0.799
,0.831
,0.825
,0.815
,0.829
,0.817
,0.801
,0.813
,0.742
,0.714
,0.647
,0.557
,0.369
,0.319
,0.295
,0.291
,0.294
,0.295
,0.291
,0.353
,0.584
,0.64
,0.686
,0.74
,0.758
,0.861
,0.836
,0.84
,0.84
,0.814
,0.796
,0.782
,0.768
,0.76
,0.754
,0.616
,0.404
,0.319
,0.315
,0.313
,0.309
,0.309
,0.305
,0.337
,0.596
,0.671
,0.769
,0.797
,0.802
,0.803
,0.807
,0.799
,0.791
,0.789
,0.785
,0.748
,0.717
,0.729
,0.729
,0.601
,0.389
,0.31
,0.292
,0.294
,0.292
,0.288
,0.303
,0.325
,0.587
,0.647
,0.773
,0.825
,0.85
,0.84
,0.828
,0.798
,0.794
,0.776
,0.783
,0.764
,0.738
,0.739
,0.738
,0.61
,0.396
,0.317
,0.302
,0.305
,0.303
,0.293
,0.298
,0.327
,0.638
,0.645
,0.748
,0.762
,0.809
,0.774
,0.786
,0.79
,0.771
,0.767
,0.76
,0.709
,0.687
,0.681
,0.719
,0.588
,0.36
,0.28
,0.254
,0.252
,0.269
,0.264
,0.257
,0.308
,0.582
,0.605
,0.738
,0.755
,0.81
,0.825
,0.807
,0.79
,0.789
,0.757
,0.777
,0.779
,0.69
,0.719
,0.746
,0.58
,0.444
,0.337
,0.29
,0.287
,0.303
,0.29
,0.282
,0.357
,0.585
,0.661
,0.736
,0.807
,0.884
,0.881
,0.863
,0.879
,0.908
,0.884
,0.853
,0.817
,0.777
,0.766
,0.779
,0.626
,0.449
,0.331
,0.316
,0.304
,0.308
,0.304
,0.298
,0.315
,0.506
,0.571
,0.781
,0.83
,0.857
,0.841
,0.843
,0.831
,0.856
,0.815
,0.772
,0.777
,0.742
,0.723
,0.638
,0.55
,0.463
,0.322
,0.312
,0.296
,0.296
,0.293
,0.295
,0.36
,0.592
,0.648
,0.711
,0.739
,0.75
,0.755
,0.762
,0.754
,0.751
,0.749
,0.72
,0.712
,0.736
,0.729
,0.729
,0.585
,0.449
,0.377
,0.352
,0.355
,0.341
,0.342
,0.355
,0.416
,0.603
,0.614
,0.711
,0.815
,0.826
,0.835
,0.819
,0.797
,0.821
,0.796
,0.769
,0.784
,0.759
,0.758
,0.775
,0.644
,0.491
,0.422
,0.362
,0.367
,0.412
,0.402
,0.396
,0.431
,0.541
,0.651
,0.734
,0.806
,0.846
,0.837
,0.848
,0.845
,0.811
,0.817
,0.797
,0.809
,0.764
,0.786
,0.782
,0.677
,0.477
,0.43
,0.403
,0.385
,0.382
,0.357
,0.362
,0.454
,0.552
,0.636
,0.734
,0.793
,0.801
,0.837
,0.836
,0.821
,0.811
,0.818
,0.809
,0.801
,0.805
,0.802
,0.794
,0.68
,0.53
,0.449
,0.394
,0.401
,0.382
,0.374
,0.393
,0.456
,0.568
,0.621
,0.727
,0.808
,0.828
,0.844
,0.857
,0.899
,0.855
,0.864
,0.828
,0.804
,0.815
,0.802
,0.785
,0.708
,0.553
,0.507
,0.481
,0.467
,0.467
,0.461
,0.434
,0.438
,0.545
,0.561
,0.721
,0.794
,0.8
,0.828
,0.818
,0.781
,0.774
,0.721
,0.599
,0.557
,0.488
,0.352
,0.368
,0.353
,0.32
,0.281
,0.253
,0.247
,0.254
,0.249
,0.25
,0.246
,0.246
,0.252
,0.304
,0.306
,0.316
,0.307
,0.311
,0.311
,0.316
,0.312
,0.312
,0.317
,0.334
,0.314
,0.327
,0.328
,0.316
,0.27
,0.248
,0.247
,0.253
,0.258
,0.372
,0.339
,0.49
,0.509
,0.626
,0.675
,0.672
,0.658
,0.675
,0.671
,0.663
,0.637
,0.62
,0.597
,0.571
,0.559
,0.555
,0.505
,0.385
,0.324
,0.266
,0.267
,0.257
,0.261
,0.252
,0.325
,0.552
,0.628
,0.728
,0.749
,0.796
,0.776
,0.771
,0.769
,0.758
,0.755
,0.743
,0.782
,0.729
,0.744
,0.711
,0.59
,0.333
,0.265
,0.263
,0.272
,0.27
,0.279
,0.265
,0.294
,0.503
,0.643
,0.753
,0.808
,0.773
,0.757
,0.769
,0.756
,0.743
,0.739
,0.773
,0.769
,0.705
,0.673
,0.676
,0.619
,0.439
,0.326
,0.31
,0.304
,0.314
,0.306
,0.3
,0.357
,0.567
,0.638
,0.731
,0.769
,0.764
,0.776
,0.787
,0.751
,0.74
,0.775
,0.779
,0.717
,0.728
,0.744
,0.733
,0.613
,0.38
,0.313
,0.298
,0.297
,0.295
,0.278
,0.283
,0.35
,0.596
,0.688
,0.748
,0.799
,0.845
,0.847
,0.819
,0.783
,0.778
,0.799
,0.784
,0.759
,0.737
,0.717
,0.732
,0.623
,0.35
,0.283
,0.271
,0.266
,0.282
,0.293
,0.291
,0.329
,0.601
,0.646
,0.724
,0.803
,0.778
,0.859
,0.826
,0.789
,0.822
,0.813
,0.774
,0.764
,0.723
,0.733
,0.71
,0.574
,0.367
,0.337
,0.304
,0.296
,0.301
,0.301
,0.299
,0.361
,0.566
,0.635
,0.721
,0.811
,0.783
,0.794
,0.782
,0.805
,0.81
,0.781
,0.765
,0.776
,0.745
,0.771
,0.669
,0.543
,0.344
,0.277
,0.263
,0.264
,0.268
,0.286
,0.287
,0.292
,0.595
,0.674
,0.783
,0.785
,0.761
,0.799
,0.826
,0.765
,0.771
,0.738
,0.719
,0.726
,0.711
,0.733
,0.73
,0.587
,0.386
,0.36
,0.36
,0.345
,0.346
,0.346
,0.333
,0.381
,0.588
,0.631
,0.695
,0.753
,0.773
,0.804
,0.78
,0.74
,0.752
,0.75
,0.722
,0.711
,0.703
,0.705
,0.718
,0.597
,0.383
,0.321
,0.3
,0.289
,0.299
,0.287
,0.289
,0.303
,0.634
,0.646
,0.715
,0.752
,0.783
,0.812
,0.821
,0.815
,0.823
,0.831
,0.774
,0.776
,0.771
,0.725
,0.735
,0.646
,0.376
,0.309
,0.304
,0.319
,0.32
,0.317
,0.311
,0.353
,0.563
,0.639
,0.724
,0.782
,0.801
,0.792
,0.771
,0.783
,0.764
,0.784
,0.746
,0.736
,0.743
,0.72
,0.712
,0.598
,0.385
,0.334
,0.31
,0.322
,0.319
,0.304
,0.306
,0.356
,0.615
,0.694
,0.748
,0.786
,0.833
,0.812
,0.845
,0.816
,0.828
,0.804
,0.808
,0.795
,0.77
,0.775
,0.758
,0.618
,0.389
,0.315
,0.295
,0.293
,0.294
,0.287
,0.288
,0.391
,0.628
,0.673
,0.752
,0.795
,0.794
,0.805
,0.824
,0.872
,0.864
,0.852
,0.787
,0.804
,0.769
,0.751
,0.76
,0.613
,0.378
,0.319
,0.298
,0.291
,0.296
,0.286
,0.284
,0.343
,0.511
,0.595
,0.754
,0.799
,0.809
,0.86
,0.814
,0.831
,0.823
,0.823
,0.748
,0.778
,0.74
,0.72
,0.69
,0.568
,0.378
,0.319
,0.295
,0.291
,0.302
,0.288
,0.294
,0.378
,0.645
,0.7
,0.74
,0.746
,0.819
,0.82
,0.787
,0.773
,0.768
,0.733
,0.751
,0.714
,0.711
,0.705
,0.716
,0.647
,0.43
,0.366
,0.365
,0.364
,0.374
,0.379
,0.355
,0.383
,0.595
,0.623
,0.72
,0.774
,0.818
,0.821
,0.798
,0.783
,0.75
,0.719
,0.733
,0.738
,0.725
,0.678
,0.699
,0.68
,0.477
,0.408
,0.388
,0.365
,0.366
,0.365
,0.354
,0.414
,0.598
,0.605
,0.722
,0.75
,0.784
,0.772
,0.75
,0.762
,0.761
,0.73
,0.732
,0.732
,0.735
,0.706
,0.701
,0.589
,0.375
,0.325
,0.297
,0.304
,0.31
,0.306
,0.309
,0.376
,0.524
,0.608
,0.709
,0.76
,0.837
,0.782
,0.813
,0.78
,0.795
,0.785
,0.796
,0.782
,0.748
,0.692
,0.701
,0.585
,0.361
,0.301
,0.296
,0.298
,0.286
,0.271
,0.286
,0.355
,0.579
,0.688
,0.743
,0.777
,0.838
,0.788
,0.81
,0.784
,0.804
,0.817
,0.834
,0.768
,0.771
,0.758
,0.75
,0.631
,0.406
,0.32
,0.307
,0.313
,0.32
,0.316
,0.31
,0.351
,0.637
,0.685
,0.771
,0.81
,0.87
,0.871
,0.894
,0.868
,0.891
,0.873
,0.832
,0.819
,0.754
,0.75
,0.759
,0.601
,0.405
,0.356
,0.328
,0.317
,0.314
,0.311
,0.322
,0.378
,0.523
,0.593
,0.776
,0.82
,0.841
,0.846
,0.807
,0.81
,0.821
,0.826
,0.793
,0.786
,0.784
,0.777
,0.714
,0.575
,0.401
,0.344
,0.312
,0.307
,0.307
,0.309
,0.306
,0.386
,0.579
,0.651
,0.705
,0.743
,0.766
,0.786
,0.77
,0.76
,0.798
,0.786
,0.741
,0.751
,0.755
,0.75
,0.757
,0.682
,0.429
,0.37
,0.347
,0.34
,0.343
,0.35
,0.363
,0.469
,0.611
,0.659
,0.762
,0.793
,0.811
,0.81
,0.809
,0.748
,0.756
,0.772
,0.77
,0.772
,0.742
,0.737
,0.752
,0.659
,0.496
,0.446
,0.462
,0.438
,0.344
,0.327
,0.318
,0.382
,0.553
,0.659
,0.729
,0.779
,0.795
,0.79
,0.801
,0.8
,0.791
,0.797
,0.755
,0.739
,0.743
,0.734
,0.747
,0.634
,0.394
,0.33
,0.326
,0.328
,0.336
,0.316
,0.318
,0.339
,0.615
,0.692
,0.77
,0.739
,0.759
,0.787
,0.796
,0.788
,0.844
,0.775
,0.778
,0.814
,0.741
,0.73
,0.735
,0.608
,0.385
,0.337
,0.332
,0.331
,0.332
,0.323
,0.339
,0.375
,0.599
,0.675
,0.772
,0.75
,0.824
,0.811
,0.796
,0.812
,0.793
,0.798
,0.791
,0.811
,0.817
,0.804
,0.762
,0.639
,0.397
,0.331
,0.311
,0.313
,0.316
,0.3
,0.302
,0.303
,0.563
,0.691
,0.736
,0.779
,0.793
,0.853
,0.825
,0.878
,0.911
,0.87
,0.85
,0.796
,0.778
,0.807
,0.781
,0.643
,0.385
,0.338
,0.311
,0.315
,0.319
,0.309
,0.299
,0.3
,0.562
,0.601
,0.783
,0.825
,0.848
,0.873
,0.832
,0.862
,0.84
,0.832
,0.829
,0.783
,0.768
,0.758
,0.692
,0.585
,0.43
,0.391
,0.372
,0.373
,0.38
,0.354
,0.367
,0.372
,0.619
,0.675
,0.777
,0.792
,0.807
,0.83
,0.797
,0.871
,1.048
,1.044
,1.06
,1.059
,1.039
,0.976
,0.916
,0.727
,0.5
,0.451
,0.42
,0.447
,0.474
,0.445
,0.412
,0.447
,0.644
,0.793
,0.902
,0.894
,0.901
,0.947
,0.962
,0.936
,0.959
,0.955
,0.964
,0.963
,0.962
,0.889
,0.806
,0.69
,0.462
,0.395
,0.387
,0.363
,0.349
,0.331
,0.33
,0.404
,0.642
,0.739
,0.805
,0.901
,0.924
,1
,1.012
,0.997
,1.007
,0.976
,0.957
,0.954
,0.96
,0.882
,0.829
,0.714
,0.485
,0.42
,0.396
,0.418
,0.407
,0.39
,0.378
,0.424
,0.615
,0.702
,0.804
,0.846
,1.002
,0.982
,0.985
,0.954
,0.993
,0.995
,0.977
,0.963
,0.96
,0.952
,0.894
,0.744
,0.453
,0.367
,0.336
,0.34
,0.339
,0.331
,0.325
,0.37
,0.541
,0.691
,0.847
,0.917
,0.992
,1
,0.951
,0.963
,1.021
,1.02
,0.94
,0.945
,0.903
,0.88
,0.834
,0.695
,0.452
,0.368
,0.343
,0.352
,0.348
,0.333
,0.331
,0.333
,0.635
,0.732
,0.844
,0.946
,0.983
,1.002
,0.944
,1.007
,1.033
,0.992
,0.972
,0.968
,0.906
,0.886
,0.85
,0.691
,0.47
,0.377
,0.359
,0.351
,0.355
,0.33
,0.335
,0.378
,0.566
,0.691
,0.85
,0.964
,1.023
,1.022
,0.97
,1.025
,1.036
,0.986
,1.022
,0.964
,0.949
,0.914
,0.802
,0.663
,0.473
,0.395
,0.371
,0.373
,0.366
,0.332
,0.333
,0.404
,0.56
,0.706
,0.857
,0.898
,0.936
,0.965
,0.935
,0.932
,0.976
,0.938
,0.903
,0.899
,0.901
,0.876
,0.814
,0.721
,0.464
,0.403
,0.379
,0.38
,0.39
,0.348
,0.335
,0.395
,0.571
,0.717
,0.766
,0.781
,0.856
,0.873
,0.888
,0.922
,0.912
,0.869
,0.859
,0.871
,0.865
,0.814
,0.765
,0.659
,0.427
,0.357
,0.326
,0.309
,0.306
,0.298
,0.286
,0.342
,0.651
,0.702
,0.776
,0.773
,0.831
,0.854
,0.877
,0.898
,0.886
,0.881
,0.861
,0.862
,0.896
,0.804
,0.769
,0.663
,0.402
,0.324
,0.31
,0.318
,0.32
,0.309
,0.289
,0.34
,0.603
,0.681
,0.773
,0.827
,0.883
,0.918
,0.917
,0.902
,0.909
,0.918
,0.897
,0.872
,0.855
,0.821
,0.832
,0.709
,0.456
,0.35
,0.338
,0.332
,0.328
,0.323
,0.307
,0.36
,0.595
,0.685
,0.8
,0.853
,0.923
,0.948
,0.94
,0.929
,0.969
,0.933
,0.926
,0.93
,0.899
,0.876
,0.838
,0.774
,0.574
,0.483
,0.499
,0.499
,0.484
,0.454
,0.447
,0.464
,0.765
,0.73
,0.809
,0.871
,0.934
,0.957
,0.939
,1.006
,1.033
,1.002
,0.962
,0.949
,0.909
,0.875
,0.844
,0.724
,0.511
,0.421
,0.397
,0.409
,0.413
,0.375
,0.36
,0.373
,0.621
,0.671
,0.837
,0.862
,0.916
,0.929
,0.886
,0.898
,0.943
,0.91
,0.906
,0.916
,0.871
,0.807
,0.709
,0.635
,0.472
,0.387
,0.391
,0.389
,0.387
,0.373
,0.363
,0.423
,0.683
,0.728
,0.803
,0.855
,0.805
,0.829
,0.862
,0.881
,0.86
,0.851
,0.826
,0.836
,0.829
,0.801
,0.764
,0.653
,0.459
,0.387
,0.376
,0.402
,0.368
,0.369
,0.354
,0.408
,0.652
,0.684
,0.773
,0.843
,0.847
,0.838
,0.814
,0.831
,0.843
,0.856
,0.613
,0.722
,0.753
,0.745
,0.745
,0.632
,0.418
,0.345
,0.33
,0.331
,0.343
,0.337
,0.334
,0.405
,0.619
,0.675
,0.723
,0.788
,0.838
,0.816
,0.888
,0.873
,0.928
,0.901
,0.856
,0.862
,0.855
,0.826
,0.834
,0.695
,0.485
,0.387
,0.382
,0.368
,0.383
,0.362
,0.369
,0.386
,0.634
,0.697
,0.771
,0.838
,0.898
,0.89
,0.953
,1.002
,0.963
,1.009
,1.009
,0.993
,0.95
,0.95
,0.897
,0.824
,0.623
,0.457
,0.394
,0.391
,0.405
,0.373
,0.377
,0.386
,0.739
,0.748
,0.932
,0.989
,1.032
,1.038
,1.062
,1.14
,1.094
,1.114
,1.066
,1.077
,1.05
,1.025
,0.952
,0.819
,0.594
,0.509
,0.456
,0.479
,0.469
,0.447
,0.438
,0.457
,0.744
,0.821
,0.938
,1.022
,1.095
,1.172
,1.259
,1.29
,1.294
,1.303
,1.248
,1.221
,1.225
,1.203
,1.077
,0.92
,0.652
,0.549
,0.512
,0.535
,0.502
,0.494
,0.486
,0.545
,0.704
,0.812
,0.976
,1.064
,1.054
,1.089
,1.119
,1.126
,1.174
,1.182
,1.132
,1.14
,1.112
,1.038
,0.9
,0.754
,0.57
,0.494
,0.462
,0.47
,0.454
,0.468
,0.474
,0.524
,0.766
,0.841
,0.958
,1.007
,1.052
,1.101
,1.111
,1.127
,1.149
,1.091
,1.126
,1.137
,1.067
,1.015
,0.929
,0.819
,0.582
,0.509
,0.476
,0.479
,0.456
,0.439
,0.442
,0.492
,0.73
,0.803
,0.902
,1.021
,1.044
,1.094
,1.143
,1.184
,1.224
,1.238
,1.2
,1.209
,1.194
,1.09
,1.07
,0.889
,0.645
,0.559
,0.511
,0.501
,0.492
,0.448
,0.452
,0.498
,0.748
,0.835
,0.94
,1.062
,1.185
,1.212
,1.246
,1.242
,1.227
,1.222
,1.241
,1.245
,1.212
,1.127
,1.077
,0.887
,0.679
,0.527
,0.464
,0.484
,0.463
,0.441
,0.45
,0.485
,0.69
,0.855
,1.051
,1.244
,0.219
,1.213
,1.274
,1.256
,1.281
,1.264
,1.315
,1.324
,1.241
,1.178
,1.095
,0.857
,0.62
,0.56
,0.536
,0.504
,0.458
,0.446
,0.444
,0.469
,0.775
,0.865
,1.119
,1.196
,1.213
,1.285
,1.309
,1.275
,1.347
,1.33
,1.284
,1.251
,1.099
,1.05
,0.965
,0.802
,0.628
,0.572
,0.535
,0.518
,0.523
,0.534
,0.522
,0.533
,0.788
,0.828
,0.946
,1.178
,1.206
,1.237
,1.239
,1.199
,1.229
,1.23
,1.189
,1.215
,1.124
,1.083
,1.012
,0.775
,0.567
,0.526
,0.482
,0.459
,0.429
,0.401
,0.391
,0.392
,0.613
,0.695
,0.96
,1.127
,1.128
,1.137
,1.188
,1.164
,1.187
,1.151
,1.176
,1.128
,1.064
,1.022
,0.922
,0.736
,0.56
,0.443
,0.437
,0.431
,0.398
,0.403
,0.383
,0.387
,0.663
,0.754
,0.928
,1.077
,1.093
,1.143
,1.161
,1.119
,1.144
,1.138
,1.124
,1.134
,1.044
,0.987
,0.927
,0.747
,0.534
,0.46
,0.435
,0.431
,0.402
,0.398
,0.421
,0.406
,0.645
,0.751
,0.886
,0.994
,1.047
,1.075
,1.055
,1.038
,1.1
,1.099
,1.056
,1.053
,0.988
,0.98
,0.941
,0.717
,0.475
,0.405
,0.384
,0.383
,0.358
,0.362
,0.355
,0.375
,0.67
,0.77
,0.911
,0.955
,0.988
,1.036
,1.062
,1.036
,1.001
,0.954
,0.958
,0.987
,0.963
,0.962
,0.913
,0.717
,0.523
,0.476
,0.453
,0.437
,0.418
,0.427
,0.415
,0.43
,0.648
,0.757
,0.908
,1.023
,1.036
,1.076
,1.115
,1.09
,1.044
,1.067
,1.061
,1.088
,1.078
,1.007
,0.984
,0.779
,0.525
,0.461
,0.461
,0.452
,0.437
,0.416
,0.405
,0.432
,0.703
,0.782
,0.914
,1.088
,1.094
,1.165
,1.132
,1.129
,1.185
,1.19
,1.222
,1.2
,1.173
,1.097
,1.064
,0.832
,0.624
,0.477
,0.458
,0.444
,0.425
,0.424
,0.431
,0.427
,0.736
,0.813
,0.96
,1.15
,1.193
,1.216
,1.223
,1.255
,1.186
,1.193
,1.208
,1.169
,1.128
,1.031
,0.985
,0.751
,0.54
,0.449
,0.438
,0.44
,0.429
,0.435
,0.428
,0.448
,0.701
,0.78
,0.948
,1.099
,1.079
,1.129
,1.117
,1.123
,1.124
,1.088
,1.038
,1.019
,0.994
,0.924
,0.841
,0.678
,0.494
,0.421
,0.41
,0.393
,0.364
,0.363
,0.355
,0.383
,0.675
,0.809
,0.959
,1.07
,1.112
,1.074
,1.087
,1.09
,1.038
,1.041
,0.994
,0.951
,0.89
,0.875
,0.86
,0.684
,0.443
,0.377
,0.366
,0.355
,0.335
,0.336
,0.324
,0.357
,0.556
,0.723
,0.869
,0.967
,1.011
,1.05
,0.991
,0.968
,0.992
,0.996
,0.976
,0.943
,0.921
,0.897
,0.888
,0.726
,0.474
,0.401
,0.364
,0.345
,0.342
,0.316
,0.32
,0.384
,0.613
,0.71
,0.86
,0.972
,1.026
,1.037
,1.064
,1.039
,1.089
,1.043
,1.04
,1.026
,1.04
,1.002
,0.941
,0.731
,0.48
,0.379
,0.367
,0.341
,0.367
,0.367
,0.359
,0.425
,0.649
,0.746
,0.894
,0.933
,1.001
,0.977
,0.989
,0.991
,1.041
,1.023
,1
,0.959
,0.97
,0.939
,0.907
,0.731
,0.468
,0.392
,0.358
,0.335
,0.363
,0.347
,0.329
,0.393
,0.622
,0.706
,0.842
,0.875
,0.931
,0.963
,0.976
,0.957
,0.98
,0.988
,1.071
,1.055
,1.017
,0.995
,0.944
,0.765
,0.471
,0.397
,0.387
,0.359
,0.353
,0.338
,0.321
,0.4
,0.654
,0.711
,0.842
,0.949
,1.039
,1.078
,1.09
,1.094
,1.125
,1.146
,1.112
,1.075
,1.049
,1.005
,0.938
,0.707
,0.498
,0.426
,0.39
,0.382
,0.391
,0.389
,0.372
,0.404
,0.623
,0.702
,0.908
,0.999
,1.066
,1.057
,1.033
,1.052
,1.076
,1.064
,1.037
,1.023
,0.991
,0.97
,0.915
,0.759
,0.483
,0.395
,0.373
,0.345
,0.355
,0.336
,0.325
,0.305
,0.566
,0.674
,0.916
,0.925
,0.964
,1.014
,1.028
,1.032
,1.056
,1.03
,1.012
,1.005
,1.037
,0.949
,0.896
,0.711
,0.491
,0.412
,0.395
,0.375
,0.392
,0.389
,0.345
,0.331
,0.61
,0.696
,0.924
,0.947
,0.975
,1.008
,1.06
,1.077
,1.116
,1.106
,1.1
,1.08
,1.084
,0.955
,0.927
,0.748
,0.528
,0.472
,0.439
,0.415
,0.424
,0.413
,0.392
,0.411
,0.628
,0.715
,0.916
,0.924
,1.01
,1.09
,1.109
,1.103
,1.147
,1.143
,1.145
,1.131
,1.112
,1.021
,0.948
,0.81
,0.514
,0.412
,0.386
,0.385
,0.394
,0.369
,0.345
,0.377
,0.646
,0.744
,0.845
,0.966
,1.086
,1.094
,1.161
,1.195
,1.208
,1.228
,1.232
,1.176
,1.162
,1.04
,0.978
,0.778
,0.518
,0.42
,0.391
,0.391
,0.404
,0.416
,0.39
,0.387
,0.713
,0.807
,0.945
,1.181
,1.229
,1.267
,1.314
,1.3
,1.293
,1.281
,1.283
,1.238
,1.229
,1.093
,1.006
,0.93
,0.588
,0.494
,0.437
,0.435
,0.437
,0.415
,0.413
,0.439
,0.813
,0.881
,1.045
,1.214
,1.229
,1.274
,1.275
,1.335
,1.36
,1.328
,1.276
,1.263
,1.215
,1.112
,1.027
,0.859
,0.611
,0.489
,0.45
,0.441
,0.476
,0.474
,0.448
,0.485
,0.703
,0.819
,0.991
,1.102
,1.043
,1.042
,1.068
,1.152
,1.183
,1.163
,1.119
,1.091
,1.067
,0.987
,0.877
,0.719
,0.536
,0.455
,0.407
,0.386
,0.389
,0.4
,0.372
,0.425
,0.668
,0.706
,0.858
,0.998
,1.085
,1.109
,1.114
,1.125
,1.102
,1.072
,1.067
,1.045
,1.009
,0.967
,0.934
,0.793
,0.549
,0.472
,0.428
,0.402
,0.403
,0.398
,0.383
,0.431
,0.681
,0.746
,0.84
,1.01
,1.074
,1.15
,1.151
,1.115
,1.085
,1.059
,0.966
,0.93
,0.917
,0.905
,0.881
,0.74
,0.489
,0.416
,0.385
,0.38
,0.38
,0.384
,0.347
,0.405
,0.67
,0.717
,0.846
,0.927
,0.943
,0.979
,0.975
,0.994
,1.017
,1.013
,0.987
,1.017
,0.995
,0.963
,0.938
,0.772
,0.551
,0.458
,0.41
,0.407
,0.37
,0.363
,0.37
,0.408
,0.686
,0.725
,0.813
,0.965
,1.03
,1.014
,1.065
,1.047
,1.053
,1.051
,1.019
,1.026
,1.031
,1.011
,0.98
,0.774
,0.552
,0.455
,0.411
,0.404
,0.39
,0.378
,0.374
,0.431
,0.654
,0.747
,0.897
,0.993
,1.034
,1.124
,1.122
,1.144
,1.152
,1.152
,1.101
,1.118
,1.113
,1.068
,0.958
,0.769
,0.536
,0.452
,0.397
,0.385
,0.367
,0.373
,0.367
,0.424
,0.66
,0.762
,0.978
,1.075
,1.135
,1.156
,1.165
,1.199
,1.183
,1.192
,1.101
,1.093
,1.061
,1.042
,0.947
,0.782
,0.539
,0.45
,0.407
,0.407
,0.4
,0.386
,0.392
,0.456
,0.658
,0.768
,0.953
,1.023
,1.054
,1.085
,1.118
,1.096
,1.085
,1.082
,1.056
,1.05
,1.005
,1.016
,0.896
,0.718
,0.552
,0.456
,0.421
,0.42
,0.391
,0.39
,0.369
,0.429
,0.682
,0.739
,0.808
,1.006
,1.131
,1.154
,1.121
,1.172
,1.213
,1.213
,1.16
,1.172
,1.149
,1.071
,0.979
,0.82
,0.593
,0.508
,0.465
,0.448
,0.42
,0.401
,0.401
,0.45
,0.717
,0.744
,0.872
,0.974
,1.077
,1.092
,1.134
,1.158
,1.172
,1.164
,1.138
,1.12
,1.103
,1.092
,0.967
,0.758
,0.533
,0.441
,0.442
,0.443
,0.431
,0.434
,0.444
,0.496
,0.734
,0.751
,0.858
,1.001
,1.104
,1.14
,1.188
,1.196
,1.242
,1.229
,1.221
,1.171
,1.142
,1.076
,0.953
,0.78
,0.572
,0.476
,0.472
,0.457
,0.44
,0.427
,0.415
,0.427
,0.704
,0.75
,0.906
,1.01
,1.076
,1.139
,1.17
,1.204
,1.223
,1.214
,1.242
,1.185
,1.172
,1.132
,1.008
,0.783
,0.563
,0.482
,0.465
,0.465
,0.434
,0.405
,0.409
,0.446
,0.736
,0.799
,0.906
,1.063
,1.103
,1.163
,1.214
,1.235
,1.219
,1.187
,1.211
,1.179
,1.257
,1.15
,0.983
,0.77
,0.55
,0.468
,0.436
,0.444
,0.427
,0.429
,0.409
,0.436
,0.645
,0.721
,0.952
,1.113
,1.217
,1.293
,1.326
,1.316
,1.352
,1.293
,1.31
,1.289
,1.226
,1.172
,1.009
,0.761
,0.529
,0.456
,0.443
,0.425
,0.416
,0.398
,0.4
,0.414
,0.647
,0.746
,1.013
,1.141
,1.178
,1.191
,1.203
,1.226
,1.211
,1.181
,1.188
,1.195
,1.161
,1.124
,1.021
,0.763
,0.559
,0.473
,0.465
,0.443
,0.451
,0.454
,0.464
,0.464
,0.71
,0.695
,0.975
,1.092
,1.197
,1.219
,1.268
,1.252
,1.319
,1.284
,1.298
,1.274
,1.274
,1.223
,1.043
,0.807
,0.577
,0.48
,0.464
,0.445
,0.428
,0.414
,0.411
,0.459
,0.713
,0.76
,0.964
,1.073
,1.185
,1.229
,1.206
,1.221
,1.259
,1.23
,1.247
,1.19
,1.165
,1.12
,0.984
,0.812
,0.554
,0.437
,0.421
,0.417
,0.408
,0.407
,0.388
,0.415
,0.643
,0.731
,0.893
,0.989
,1.081
,1.156
,1.145
,1.122
,1.138
,1.119
,1.14
,1.069
,1.033
,1.039
,0.964
,0.797
,0.547
,0.437
,0.423
,0.417
,0.412
,0.421
,0.406
,0.438
,0.694
,0.789
,0.915
,0.994
,1.11
,1.102
,1.118
,1.14
,1.163
,1.192
,1.186
,1.169
,1.14
,1.105
,0.972
,0.76
,0.531
,0.44
,0.398
,0.395
,0.384
,0.383
,0.371
,0.397
,0.65
,0.75
,0.981
,1.116
,1.227
,1.266
,1.224
,1.24
,1.312
,1.33
,1.324
,1.3
,1.282
,1.213
,1.062
,0.81
,0.584
,0.512
,0.476
,0.456
,0.445
,0.465
,0.464
,0.47
,0.7
,0.809
,0.984
,1.123
,1.211
,1.206
,1.256
,1.253
,1.323
,1.344
,1.306
,1.273
,1.215
,1.144
,0.993
,0.783
,0.557
,0.509
,0.5
,0.472
,0.458
,0.443
,0.444
,0.496
,0.722
,0.78
,0.985
,1.12
,1.221
,1.231
,1.281
,1.295
,1.236
,1.243
,1.255
,1.234
,1.169
,1.141
,0.944
,0.737
,0.584
,0.479
,0.456
,0.443
,0.439
,0.431
,0.42
,0.456
,0.673
,0.794
,0.901
,0.936
,1.056
,1.019
,1.05
,1.046
,1.027
,1.04
,1.044
,1.034
,1.007
,1.002
,0.963
,0.765
,0.589
,0.483
,0.449
,0.438
,0.418
,0.412
,0.397
,0.389
,0.62
,0.74
,0.871
,0.991
,1.062
,1.118
,1.136
,1.121
,1.12
,1.146
,1.131
,1.103
,1.073
,1.046
,0.966
,0.828
,0.63
,0.52
,0.476
,0.431
,0.418
,0.428
,0.415
,0.424
,0.778
,0.808
,0.876
,0.989
,1.092
,1.129
,1.164
,1.166
,1.152
,1.185
,1.226
,1.298
,1.253
,1.131
,0.996
,0.811
,0.587
,0.53
,0.506
,0.486
,0.475
,0.494
,0.497
,0.51
,0.731
,0.785
,0.967
,1.067
,1.14
,1.211
,1.219
,1.218
,1.28
,1.285
,1.279
,1.26
,1.243
,1.173
,1.051
,0.807
,0.542
,0.493
,0.488
,0.478
,0.442
,0.433
,0.42
,0.411
,0.723
,0.778
,0.91
,0.936
,0.992
,1.005
,1.006
,0.98
,0.998
,0.968
,0.933
,0.932
,0.928
,0.895
,0.847
,0.683
,0.416
,0.35
,0.342
,0.336
,0.324
,0.324
,0.313
,0.342
,0.661
,0.749
,0.871
,0.918
,0.993
,1.048
,1.059
,1.04
,1.067
,1.054
,1.031
,0.996
,0.984
,0.972
,0.901
,0.704
,0.451
,0.381
,0.349
,0.329
,0.332
,0.349
,0.341
,0.34
,0.597
,0.664
,0.846
,0.958
,0.993
,1.04
,1.034
,1
,1.032
,1.011
,1.031
,1.027
,0.991
,0.942
,0.826
,0.67
,0.494
,0.45
,0.415
,0.393
,0.397
,0.399
,0.382
,0.466
,0.655
,0.752
,0.913
,0.981
,1.051
,1.04
,1.004
,1.011
,1.012
,0.999
,1
,0.983
,0.946
,0.929
,0.926
,0.793
,0.532
,0.446
,0.423
,0.396
,0.393
,0.402
,0.388
,0.381
,0.634
,0.735
,0.897
,0.958
,1.004
,1.028
,1.047
,1.019
,1.053
,1.061
,1.056
,1.013
,0.949
,0.943
,0.929
,0.772
,0.476
,0.435
,0.435
,0.395
,0.389
,0.382
,0.367
,0.429
,0.638
,0.73
,0.861
,0.914
,0.99
,1.025
,1.029
,1.009
,1.071
,1.037
,1.067
,1.073
,1.068
,1.041
,0.991
,0.793
,0.547
,0.432
,0.443
,0.445
,0.431
,0.425
,0.426
,0.427
,0.693
,0.771
,0.912
,0.998
,1.005
,1.049
,1.084
,1.051
,1.05
,1.038
,1.036
,1.027
,1.003
,1.003
,0.988
,0.775
,0.534
,0.464
,0.431
,0.419
,0.407
,0.402
,0.403
,0.463
,0.738
,0.779
,0.884
,0.971
,1.007
,1.029
,1.009
,1.034
,1
,1.007
,1.022
,1.005
,0.97
,0.96
,0.977
,0.756
,0.506
,0.428
,0.397
,0.387
,0.385
,0.393
,0.388
,0.412
,0.691
,0.729
,0.887
,0.986
,1.047
,1.071
,1.07
,1.069
,1.089
,1.077
,1.062
,1.062
,1.035
,0.997
,0.977
,0.754
,0.519
,0.45
,0.407
,0.395
,0.39
,0.361
,0.399
,0.461
,0.618
,0.72
,0.904
,1.03
,1.041
,1.039
,1.058
,1.049
,1.039
,1.021
,1.061
,1.009
,0.997
,0.991
,0.874
,0.696
,0.519
,0.437
,0.408
,0.407
,0.403
,0.4
,0.394
,0.443
,0.66
,0.765
,0.932
,0.643
,0.385
,1.101
,1.165
,1.119
,1.206
,1.155
,1.157
,1.139
,1.136
,1.023
,0.968
,0.745
,0.528
,0.441
,0.517
,0.509
,0.496
,0.466
,0.43
,0.435
,0.67
,0.774
,0.883
,0.939
,0.969
,0.927
,0.938
,0.97
,1.03
,1.084
,1.092
,1.096
,1.051
,1.023
,0.95
,0.743
,0.54
,0.467
,0.462
,0.461
,0.429
,0.443
,0.438
,0.49
,0.71
,0.768
,0.896
,0.984
,1
,1.03
,1.016
,1.025
,1.05
,1.008
,0.997
,0.978
,0.955
,0.933
,0.901
,0.722
,0.483
,0.433
,0.41
,0.393
,0.38
,0.374
,0.385
,0.439
,0.677
,0.745
,0.955
,1.012
,1.044
,1.041
,1.046
,1.035
,1.059
,1.022
,1.016
,1.062
,1.007
,0.977
,0.933
,0.73
,0.5
,0.417
,0.395
,0.384
,0.381
,0.373
,0.38
,0.428
,0.689
,0.772
,0.887
,1.007
,1.057
,1.086
,1.152
,1.129
,1.161
,1.162
,1.122
,1.061
,1.053
,0.985
,0.896
,0.703
,0.485
,0.409
,0.384
,0.368
,0.356
,0.36
,0.365
,0.426
,0.635
,0.721
,0.89
,0.967
,0.966
,1.063
,1.018
,1.036
,1.025
,0.99
,0.986
,0.954
,1.001
,0.924
,0.907
,0.711
,0.469
,0.379
,0.353
,0.345
,0.338
,0.335
,0.355
,0.409
,0.572
,0.665
,0.842
,0.961
,1.023
,1.017
,1.035
,1.022
,1.015
,1.021
,0.984
,0.967
,0.964
,0.885
,0.809
,0.67
,0.476
,0.403
,0.394
,0.418
,0.37
,0.389
,0.379
,0.392
,0.699
,0.774
,0.872
,0.937
,0.991
,1
,1
,0.985
,0.977
,0.989
,0.951
,0.96
,0.912
,0.874
,0.868
,0.714
,0.513
,0.458
,0.418
,0.44
,0.443
,0.435
,0.427
,0.56
,0.609
,0.656
,0.856
,0.954
,1.051
,1.096
,1.114
,1.121
,1.123
,1.108
,1.11
,1.128
,1.098
,1.023
,0.956
,0.753
,0.56
,0.489
,0.468
,0.467
,0.478
,0.461
,0.453
,0.515
,0.732
,0.769
,0.914
,0.951
,0.931
,0.923
,0.938
,0.995
,0.973
,1.005
,1
,0.987
,0.974
,0.952
,0.863
,0.727
,0.484
,0.392
,0.382
,0.387
,0.388
,0.376
,0.373
,0.436
,0.699
,0.725
,0.81
,0.895
,0.95
,1.01
,1.048
,1.041
,1.013
,0.978
,0.982
,0.985
,0.996
,0.969
,0.869
,0.747
,0.477
,0.379
,0.334
,0.341
,0.34
,0.349
,0.328
,0.453
,0.679
,0.728
,0.819
,0.925
,0.992
,0.997
,1.054
,1.015
,1.048
,1.013
,1.03
,1.021
,1.01
,0.986
,0.95
,0.762
,0.497
,0.405
,0.386
,0.362
,0.338
,0.364
,0.348
,0.405
,0.703
,0.697
,0.803
,0.939
,1.036
,1.083
,1.115
,1.1
,1.078
,1.05
,0.992
,0.983
,0.966
,0.918
,0.896
,0.715
,0.471
,0.387
,0.349
,0.341
,0.337
,0.337
,0.325
,0.398
,0.648
,0.67
,0.813
,0.894
,0.954
,1.04
,1.039
,1.07
,1.097
,1.066
,1.068
,1.032
,0.983
,0.989
,0.852
,0.679
,0.483
,0.386
,0.38
,0.362
,0.363
,0.329
,0.344
,0.443
,0.668
,0.701
,0.808
,0.895
,0.989
,1.047
,1.046
,1.016
,1.002
,0.993
,1.018
,0.988
,0.967
,0.969
,0.931
,0.694
,0.466
,0.369
,0.386
,0.393
,0.376
,0.363
,0.358
,0.452
,0.707
,0.689
,0.847
,0.91
,0.992
,1.028
,1.042
,1.028
,1.037
,0.996
,1.014
,1.006
,0.999
,0.956
,0.947
,0.77
,0.517
,0.411
,0.389
,0.355
,0.339
,0.328
,0.332
,0.366
,0.686
,0.728
,0.889
,0.925
,0.967
,1
,1.011
,1.032
,1.047
,1.031
,1.046
,1.073
,1.033
,1.009
,0.952
,0.749
,0.482
,0.4
,0.372
,0.356
,0.358
,0.366
,0.362
,0.452
,0.675
,0.692
,0.845
,0.956
,1.043
,1.049
,1.083
,1.125
,1.103
,1.034
,1.028
,1.025
,1.022
,0.989
,0.923
,0.719
,0.486
,0.4
,0.378
,0.363
,0.333
,0.316
,0.314
,0.391
,0.666
,0.687
,0.844
,0.91
,0.957
,1.022
,0.999
,1.083
,1.081
,1.051
,1.063
,1.076
,1.042
,1.034
,0.989
,0.771
,0.502
,0.4
,0.376
,0.361
,0.363
,0.355
,0.339
,0.416
,0.695
,0.734
,0.907
,0.948
,1.013
,1.04
,1.054
,1.051
,1.045
,1.061
,1.07
,1.028
,0.997
,0.979
,0.921
,0.732
,0.475
,0.401
,0.383
,0.374
,0.351
,0.326
,0.319
,0.385
,0.625
,0.725
,0.802
,0.918
,0.972
,1.031
,1.037
,1.054
,1.044
,1.024
,1.041
,1.003
,0.96
,0.956
,0.866
,0.665
,0.477
,0.398
,0.379
,0.379
,0.362
,0.329
,0.328
,0.399
,0.69
,0.707
,0.826
,0.88
,0.957
,1.021
,1.025
,1.016
,1
,0.969
,0.97
,0.994
,0.954
,0.932
,0.89
,0.704
,0.449
,0.357
,0.329
,0.333
,0.324
,0.3
,0.301
,0.429
,0.668
,0.714
,0.824
,0.868
,0.924
,0.967
,1.036
,0.992
,0.996
,0.989
,0.982
,0.968
,0.939
,0.94
,0.89
,0.698
,0.453
,0.371
,0.368
,0.359
,0.344
,0.347
,0.332
,0.39
,0.672
,0.682
,0.794
,0.82
,0.867
,0.908
,0.902
,0.903
,0.949
,0.892
,0.932
,0.955
,0.892
,0.887
,0.867
,0.694
,0.49
,0.413
,0.402
,0.383
,0.386
,0.369
,0.357
,0.435
,0.698
,0.735
,0.754
,0.786
,0.857
,0.893
,0.942
,0.958
,0.915
,0.947
,0.927
,0.901
,0.877
,0.893
,0.874
,0.72
,0.483
,0.413
,0.394
,0.384
,0.354
,0.342
,0.333
,0.429
,0.699
,0.727
,0.818
,0.857
,0.935
,0.971
,0.985
,0.991
,0.981
,0.978
,0.997
,0.975
,0.918
,0.901
,0.879
,0.772
,0.488
,0.408
,0.381
,0.368
,0.353
,0.359
,0.336
,0.41
,0.708
,0.745
,0.815
,0.854
,0.931
,0.982
,1.023
,1.007
,1.012
,0.968
,0.95
,0.962
,0.934
,0.901
,0.897
,0.697
,0.485
,0.425
,0.399
,0.375
,0.367
,0.374
,0.363
,0.417
,0.649
,0.741
,0.782
,0.879
,0.973
,0.974
,1.024
,1.011
,1.002
,1.009
,0.967
,0.952
,0.933
,0.911
,0.807
,0.673
,0.52
,0.416
,0.371
,0.374
,0.373
,0.412
,0.413
,0.477
,0.704
,0.735
,0.772
,0.827
,0.872
,0.886
,0.876
,0.878
,0.88
,0.86
,0.838
,0.818
,0.811
,0.794
,0.774
,0.674
,0.434
,0.362
,0.342
,0.337
,0.333
,0.324
,0.322
,0.381
,0.672
,0.704
,0.773
,0.812
,0.828
,0.818
,0.843
,0.803
,0.83
,0.783
,0.788
,0.759
,0.759
,0.818
,0.779
,0.614
,0.392
,0.316
,0.288
,0.275
,0.283
,0.274
,0.275
,0.328
,0.657
,0.664
,0.726
,0.772
,0.801
,0.838
,0.804
,0.768
,0.784
,0.813
,0.786
,0.775
,0.766
,0.725
,0.715
,0.65
,0.514
,0.455
,0.436
,0.421
,0.34
,0.323
,0.317
,0.356
,0.686
,0.656
,0.726
,0.75
,0.802
,0.819
,0.792
,0.773
,0.777
,0.822
,0.777
,0.765
,0.715
,0.711
,0.711
,0.638
,0.38
,0.32
,0.288
,0.278
,0.274
,0.263
,0.264
,0.343
,0.643
,0.672
,0.749
,0.782
,0.791
,0.825
,0.777
,0.778
,0.806
,0.832
,0.796
,0.776
,0.741
,0.739
,0.728
,0.645
,0.449
,0.323
,0.295
,0.277
,0.293
,0.299
,0.277
,0.373
,0.627
,0.65
,0.735
,0.792
,0.821
,0.868
,0.818
,0.817
,0.831
,0.808
,0.793
,0.784
,0.771
,0.744
,0.768
,0.616
,0.389
,0.329
,0.311
,0.285
,0.293
,0.279
,0.273
,0.359
,0.581
,0.665
,0.709
,0.765
,0.801
,0.778
,0.832
,0.812
,0.82
,0.797
,0.778
,0.744
,0.729
,0.72
,0.667
,0.537
,0.366
,0.305
,0.297
,0.283
,0.297
,0.286
,0.275
,0.327
,0.581
,0.681
,0.757
,0.752
,0.789
,0.843
,0.819
,0.803
,0.805
,0.8
,0.771
,0.744
,0.734
,0.727
,0.713
,0.603
,0.486
,0.401
,0.324
,0.328
,0.332
,0.329
,0.315
,0.364
,0.628
,0.661
,0.747
,0.784
,0.785
,0.77
,0.774
,0.761
,0.784
,0.727
,0.728
,0.746
,0.713
,0.691
,0.684
,0.563
,0.394
,0.323
,0.325
,0.335
,0.333
,0.352
,0.336
,0.4
,0.632
,0.655
,0.711
,0.723
,0.771
,0.817
,0.762
,0.752
,0.749
,0.737
,0.737
,0.719
,0.715
,0.716
,0.707
,0.593
,0.407
,0.356
,0.339
,0.347
,0.349
,0.345
,0.332
,0.397
,0.64
,0.663
,0.728
,0.759
,0.789
,0.829
,0.783
,0.777
,0.78
,0.756
,0.728
,0.722
,0.703
,0.699
,0.7
,0.586
,0.418
,0.359
,0.33
,0.33
,0.356
,0.344
,0.33
,0.414
,0.616
,0.655
,0.733
,0.763
,0.812
,0.799
,0.801
,0.79
,0.825
,0.834
,0.769
,0.754
,0.75
,0.766
,0.756
,0.604
,0.426
,0.361
,0.336
,0.334
,0.348
,0.33
,0.327
,0.326
,0.633
,0.703
,0.744
,0.788
,0.831
,0.81
,0.858
,0.822
,0.867
,0.886
,0.849
,0.851
,0.814
,0.809
,0.768
,0.653
,0.432
,0.345
,0.333
,0.327
,0.335
,0.324
,0.312
,0.38
,0.558
,0.69
,0.792
,0.809
,0.813
,0.819
,0.814
,0.817
,0.817
,0.864
,0.825
,0.785
,0.752
,0.726
,0.646
,0.561
,0.395
,0.302
,0.283
,0.285
,0.283
,0.294
,0.279
,0.369
,0.596
,0.655
,0.723
,0.751
,0.794
,0.788
,0.745
,0.73
,0.741
,0.76
,0.799
,0.798
,0.752
,0.738
,0.738
,0.603
,0.398
,0.316
,0.298
,0.293
,0.302
,0.303
,0.289
,0.349
,0.616
,0.67
,0.705
,0.746
,0.773
,0.787
,0.773
,0.756
,0.804
,0.733
,0.738
,0.741
,0.715
,0.737
,0.71
,0.58
,0.377
,0.293
,0.282
,0.267
,0.278
,0.278
,0.276
,0.32
,0.581
,0.644
,0.651
,0.766
,0.777
,0.79
,0.784
,0.749
,0.757
,0.748
,0.747
,0.751
,0.745
,0.729
,0.704
,0.593
,0.39
,0.327
,0.306
,0.283
,0.272
,0.27
,0.281
,0.315
,0.571
,0.659
,0.731
,0.769
,0.834
,0.849
,0.869
,0.81
,0.789
,0.771
,0.774
,0.752
,0.734
,0.773
,0.726
,0.581
,0.363
,0.297
,0.288
,0.267
,0.265
,0.264
,0.267
,0.348
,0.6
,0.636
,0.725
,0.801
,0.812
,0.821
,0.813
,0.785
,0.796
,0.798
,0.792
,0.796
,0.754
,0.76
,0.73
,0.586
,0.372
,0.299
,0.287
,0.279
,0.289
,0.272
,0.273
,0.365
,0.605
,0.678
,0.757
,0.804
,0.829
,0.84
,0.811
,0.801
,0.801
,0.793
,0.777
,0.786
,0.786
,0.795
,0.759
,0.592
,0.379
,0.307
,0.289
,0.282
,0.283
,0.28
,0.274
,0.371
,0.606
,0.671
,0.741
,0.788
,0.825
,0.815
,0.785
,0.782
,0.769
,0.749
,0.725
,0.728
,0.693
,0.727
,0.657
,0.525
,0.349
,0.292
,0.278
,0.273
,0.288
,0.289
,0.271
,0.337
,0.588
,0.661
,0.724
,0.753
,0.774
,0.804
,0.757
,0.748
,0.754
,0.732
,0.717
,0.722
,0.706
,0.742
,0.73
,0.601
,0.393
,0.341
,0.356
,0.344
,0.378
,0.399
,0.403
,0.497
,0.62
,0.65
,0.736
,0.762
,0.785
,0.794
,0.766
,0.78
,0.795
,0.789
,0.769
,0.774
,0.749
,0.761
,0.755
,0.585
,0.41
,0.35
,0.352
,0.358
,0.37
,0.357
,0.348
,0.485
,0.576
,0.603
,0.704
,0.727
,0.785
,0.831
,0.808
,0.776
,0.793
,0.766
,0.734
,0.739
,0.718
,0.752
,0.72
,0.58
,0.37
,0.298
,0.273
,0.268
,0.262
,0.257
,0.253
,0.323
,0.538
,0.619
,0.741
,0.76
,0.79
,0.786
,0.769
,0.753
,0.746
,0.749
,0.753
,0.731
,0.726
,0.743
,0.709
,0.63
,0.425
,0.265
,0.252
,0.257
,0.265
,0.26
,0.258
,0.333
,0.566
,0.635
,0.687
,0.761
,0.836
,0.861
,0.834
,0.785
,0.783
,0.769
,0.761
,0.785
,0.773
,0.77
,0.764
,0.645
,0.456
,0.377
,0.362
,0.359
,0.374
,0.368
,0.363
,0.358
,0.582
,0.67
,0.765
,0.826
,0.853
,0.878
,0.843
,0.822
,0.843
,0.82
,0.77
,0.728
,0.718
,0.717
,0.716
,0.631
,0.459
,0.366
,0.345
,0.345
,0.348
,0.281
,0.286
,0.356
,0.611
,0.682
,0.743
,0.776
,0.836
,0.823
,0.792
,0.846
,0.806
,0.756
,0.75
,0.749
,0.762
,0.751
,0.677
,0.527
,0.351
,0.288
,0.276
,0.273
,0.293
,0.284
,0.271
,0.333
,0.536
,0.64
,0.7
,0.779
,0.797
,0.808
,0.8
,0.783
,0.809
,0.789
,0.78
,0.789
,0.766
,0.782
,0.741
,0.588
,0.379
,0.32
,0.296
,0.298
,0.296
,0.305
,0.297
,0.38
,0.584
,0.616
,0.706
,0.798
,0.823
,0.814
,0.784
,0.796
,0.827
,0.807
,0.785
,0.781
,0.76
,0.78
,0.76
,0.598
,0.385
,0.321
,0.301
,0.299
,0.302
,0.304
,0.304
,0.387
,0.615
,0.634
,0.708
,0.788
,0.804
,0.869
,0.867
,0.851
,0.834
,0.807
,0.77
,0.754
,0.759
,0.732
,0.716
,0.629
,0.381
,0.316
,0.311
,0.31
,0.315
,0.317
,0.315
,0.391
,0.634
,0.7
,0.763
,0.835
,0.884
,0.909
,0.855
,0.842
,0.858
,0.834
,0.809
,0.788
,0.814
,0.772
,0.749
,0.584
,0.389
,0.321
,0.313
,0.31
,0.312
,0.313
,0.326
,0.392
,0.67
,0.72
,0.771
,0.811
,0.844
,0.869
,0.868
,0.84
,0.817
,0.805
,0.778
,0.797
,0.791
,0.797
,0.778
,0.6
,0.397
,0.33
,0.335
,0.338
,0.34
,0.339
,0.315
,0.389
,0.62
,0.708
,0.787
,0.857
,0.842
,0.866
,0.852
,0.864
,0.865
,0.83
,0.788
,0.792
,0.768
,0.777
,0.759
,0.59
,0.399
,0.322
,0.296
,0.305
,0.297
,0.287
,0.283
,0.377
,0.6
,0.676
,0.776
,0.846
,0.867
,0.839
,0.844
,0.828
,0.802
,0.757
,0.767
,0.747
,0.752
,0.76
,0.646
,0.529
,0.369
,0.311
,0.298
,0.298
,0.3
,0.29
,0.282
,0.367
,0.572
,0.659
,0.75
,0.762
,0.829
,0.84
,0.838
,0.819
,0.796
,0.778
,0.748
,0.742
,0.737
,0.78
,0.759
,0.576
,0.382
,0.309
,0.317
,0.319
,0.313
,0.306
,0.3
,0.368
,0.593
,0.643
,0.752
,0.785
,0.833
,0.856
,0.808
,0.814
,0.787
,0.744
,0.749
,0.76
,0.771
,0.778
,0.765
,0.56
,0.382
,0.31
,0.303
,0.302
,0.315
,0.315
,0.317
,0.369
,0.606
,0.679
,0.737
,0.749
,0.764
,0.78
,0.738
,0.775
,0.79
,0.775
,0.781
,0.785
,0.778
,0.774
,0.748
,0.601
,0.387
,0.33
,0.321
,0.338
,0.338
,0.326
,0.309
,0.356
,0.598
,0.684
,0.706
,0.776
,0.848
,0.85
,0.826
,0.799
,0.798
,0.768
,0.77
,0.765
,0.734
,0.757
,0.752
,0.591
,0.409
,0.345
,0.32
,0.326
,0.33
,0.303
,0.299
,0.372
,0.624
,0.702
,0.788
,0.804
,0.854
,0.868
,0.854
,0.829
,0.805
,0.808
,0.809
,0.788
,0.804
,0.795
,0.78
,0.604
,0.394
,0.335
,0.312
,0.314
,0.324
,0.308
,0.311
,0.364
,0.625
,0.683
,0.787
,0.806
,0.81
,0.84
,0.844
,0.832
,0.859
,0.819
,0.771
,0.769
,0.767
,0.77
,0.765
,0.583
,0.374
,0.3
,0.289
,0.287
,0.303
,0.611
,0.29
,0.344
,0.594
,0.687
,0.79
,0.836
,0.835
,0.81
,0.793
,0.853
,0.775
,0.771
,0.763
,0.773
,0.774
,0.787
,0.648
,0.531
,0.417
,0.334
,0.334
,0.313
,0.319
,0.312
,0.322
,0.361
,0.61
,0.717
,0.752
,0.798
,0.795
,0.768
,0.791
,0.781
,0.755
,0.755
,0.755
,0.769
,0.785
,0.767
,0.738
,0.58
,0.403
,0.357
,0.343
,0.358
,0.366
,0.339
,0.341
,0.474
,0.595
,0.636
,0.678
,0.746
,0.791
,0.792
,0.745
,0.727
,0.761
,0.777
,0.764
,0.736
,0.739
,0.761
,0.721
,0.571
,0.402
,0.322
,0.313
,0.311
,0.314
,0.317
,0.299
,0.374
,0.603
,0.653
,0.708
,0.749
,0.768
,0.772
,0.755
,0.774
,0.758
,0.767
,0.748
,0.755
,0.774
,0.765
,0.722
,0.575
,0.394
,0.315
,0.32
,0.319
,0.311
,0.344
,0.325
,0.402
,0.588
,0.667
,0.724
,0.816
,0.785
,0.806
,0.804
,0.762
,0.757
,0.768
,0.791
,0.798
,0.795
,0.789
,0.74
,0.573
,0.419
,0.357
,0.342
,0.335
,0.322
,0.33
,0.328
,0.399
,0.639
,0.685
,0.733
,0.817
,0.844
,0.829
,0.826
,0.838
,0.778
,0.761
,0.782
,0.786
,0.795
,0.805
,0.771
,0.61
,0.42
,0.34
,0.328
,0.321
,0.315
,0.324
,0.347
,0.392
,0.62
,0.653
,0.764
,0.868
,0.879
,0.9
,0.852
,0.871
,0.79
,0.805
,0.865
,0.794
,0.807
,0.796
,0.736
,0.561
,0.401
,0.312
,0.303
,0.294
,0.289
,0.281
,0.298
,0.344
,0.629
,0.69
,0.758
,0.844
,0.851
,0.815
,0.819
,0.838
,0.783
,0.784
,0.816
,0.798
,0.78
,0.716
,0.628
,0.53
,0.387
,0.312
,0.293
,0.291
,0.285
,0.279
,0.289
,0.311
,0.595
,0.661
,0.749
,0.793
,0.819
,0.795
,0.793
,0.806
,0.749
,0.752
,0.793
,0.777
,0.753
,0.747
,0.711
,0.567
,0.433
,0.379
,0.357
,0.36
,0.354
,0.368
,0.374
,0.455
,0.611
,0.632
,0.726
,0.777
,0.804
,0.896
,0.869
,0.854
,0.843
,0.835
,0.816
,0.851
,0.829
,0.819
,0.77
,0.567
,0.4
,0.348
,0.325
,0.319
,0.324
,0.323
,0.338
,0.361
,0.611
,0.662
,0.767
,0.823
,0.877
,0.861
,0.851
,0.841
,0.785
,0.778
,0.779
,0.818
,0.796
,0.789
,0.759
,0.616
,0.421
,0.346
,0.35
,0.338
,0.343
,0.35
,0.353
,0.404
,0.609
,0.657
,0.753
,0.794
,0.811
,0.794
,0.813
,0.805
,0.775
,0.788
,0.777
,0.793
,0.77
,0.774
,0.737
,0.577
,0.399
,0.324
,0.339
,0.313
,0.314
,0.31
,0.312
,0.347
,0.681
,0.668
,0.723
,0.808
,0.828
,0.851
,0.854
,0.847
,0.857
,0.848
,0.802
,0.81
,0.816
,0.782
,0.741
,0.573
,0.38
,0.302
,0.293
,0.29
,0.284
,0.28
,0.276
,0.337
,0.604
,0.694
,0.714
,0.788
,0.849
,0.862
,0.859
,0.829
,0.856
,0.844
,0.825
,0.831
,0.833
,0.83
,0.753
,0.56
,0.378
,0.305
,0.291
,0.308
,0.294
,0.294
,0.289
,0.334
,0.57
,0.645
,0.752
,0.775
,0.847
,0.838
,0.842
,0.838
,0.826
,0.813
,0.797
,0.776
,0.77
,0.707
,0.615
,0.538
,0.376
,0.304
,0.284
,0.29
,0.278
,0.265
,0.266
,0.351
,0.599
,0.664
,0.722
,0.758
,0.814
,0.829
,0.827
,0.832
,0.775
,0.77
,0.761
,0.775
,0.759
,0.773
,0.754
,0.571
,0.408
,0.365
,0.345
,0.353
,0.357
,0.338
,0.34
,0.415
,0.607
,0.643
,0.726
,0.835
,0.859
,0.839
,0.855
,0.836
,0.825
,0.8
,0.793
,0.801
,0.808
,0.815
,0.77
,0.584
,0.39
,0.31
,0.292
,0.295
,0.307
,0.286
,0.291
,0.389
,0.614
,0.664
,0.719
,0.817
,0.819
,0.84
,0.844
,0.838
,0.832
,0.808
,0.794
,0.801
,0.789
,0.764
,0.741
,0.575
,0.371
,0.292
,0.283
,0.285
,0.296
,0.301
,0.288
,0.353
,0.603
,0.648
,0.721
,0.823
,0.848
,0.822
,0.823
,0.812
,0.809
,0.815
,0.807
,0.854
,0.838
,0.779
,0.76
,0.591
,0.393
,0.301
,0.294
,0.292
,0.296
,0.311
,0.298
,0.361
,0.628
,0.793
,0.785
,0.836
,0.866
,0.841
,0.867
,0.858
,0.818
,0.813
,0.774
,0.79
,0.839
,0.79
,0.768
,0.621
,0.459
,0.372
,0.333
,0.339
,0.329
,0.333
,0.329
,0.384
,0.582
,0.67
,0.68
,0.708
,0.788
,0.894
,0.878
,0.908
,0.833
,0.823
,0.832
,0.886
,0.85
,0.796
,0.766
,0.604
,0.459
,0.371
,0.342
,0.34
,0.342
,0.34
,0.36
,0.447
,0.586
,0.676
,0.758
,0.849
,0.917
,0.869
,0.827
,0.876
,0.825
,0.821
,0.834
,0.808
,0.8
,0.72
,0.623
,0.545
,0.435
,0.359
,0.366
,0.375
,0.359
,0.345
,0.364
,0.409
,0.559
,0.638
,0.751
,0.798
,0.791
,0.785
,0.825
,0.798
,0.793
,0.826
,0.842
,0.836
,0.803
,0.786
,0.766
,0.629
,0.452
,0.366
,0.355
,0.355
,0.354
,0.341
,0.358
,0.413
,0.627
,0.628
,0.712
,0.833
,0.829
,0.835
,0.839
,0.828
,0.813
,0.8
,0.787
,0.814
,0.783
,0.779
,0.744
,0.581
,0.416
,0.359
,0.338
,0.341
,0.336
,0.331
,0.333
,0.397
,0.649
,0.673
,0.75
,0.781
,0.826
,0.811
,0.827
,0.816
,0.787
,0.76
,0.754
,0.802
,0.784
,0.759
,0.745
,0.598
,0.405
,0.337
,0.333
,0.338
,0.329
,0.322
,0.328
,0.371
,0.626
,0.678
,0.735
,0.812
,0.826
,0.818
,0.807
,0.786
,0.771
,0.794
,0.818
,0.817
,0.838
,0.795
,0.766
,0.595
,0.412
,0.359
,0.347
,0.34
,0.339
,0.327
,0.346
,0.436
,0.655
,0.655
,0.728
,0.829
,0.846
,0.849
,0.845
,0.852
,0.837
,0.834
,0.813
,0.843
,0.819
,0.764
,0.732
,0.597
,0.4
,0.334
,0.352
,0.366
,0.347
,0.33
,0.323
,0.354
,0.65
,0.682
,0.724
,0.77
,0.858
,0.828
,0.85
,0.864
,0.836
,0.835
,0.819
,0.825
,0.842
,0.822
,0.789
,0.616
,0.404
,0.312
,0.314
,0.305
,0.301
,0.297
,0.3
,0.368
,0.664
,0.663
,0.779
,0.837
,0.859
,0.83
,0.848
,0.863
,0.815
,0.846
,0.848
,0.872
,0.88
,0.731
,0.634
,0.578
,0.399
,0.307
,0.306
,0.313
,0.302
,0.299
,0.303
,0.374
,0.619
,0.693
,0.749
,0.812
,0.827
,0.804
,0.835
,0.841
,0.817
,0.801
,0.786
,0.774
,0.768
,0.782
,0.744
,0.631
,0.422
,0.348
,0.34
,0.361
,0.343
,0.341
,0.384
,0.455
,0.591
,0.609
,0.714
,0.81
,0.847
,0.843
,0.812
,0.804
,0.783
,0.78
,0.768
,0.758
,0.762
,0.752
,0.781
,0.594
,0.431
,0.353
,0.365
,0.342
,0.354
,0.348
,0.351
,0.411
,0.597
,0.669
,0.771
,0.854
,0.881
,0.903
,0.889
,0.926
,0.903
,0.892
,0.881
,0.876
,0.857
,0.879
,0.775
,0.584
,0.38
,0.299
,0.308927134
,0.284358216
,0.317212325
,0.318550822
,0.323099122
,0.370989504
,0.798170769
,0.864977194
,0.942306017
,0.952263412
,0.939005509
,0.960919761
,1.034403199
,1.084723359
,1.051224647
,1.111613096
,1.147948831
,1.098115651
,1.074465703
,1.021138827
,0.838319452
,0.64268847
,0.382667452
,0.232423585
,0.197673671
,0.174327212
,0.213409977
,0.235578241
,0.278501466
,0.422014115
,0.698155175
,0.738894557
,0.858169166
,0.919704105
,0.862558644
,0.949902345
,0.994568025
,0.996341236
,0.973914232
,1.001208488
,0.983003294
,1.036877538
,1.062204705
,0.971488971
,0.935149371
,0.629424742
,0.40064745
,0.299733834
,0.274070438
,0.247527522
,0.253506061
,0.282785393
,0.310463193
,0.382570412
,0.692897312
,0.733885637
,0.869648431
,0.972831941
,1.057947493
,1.03480753
,1.069291992
,1.124497052
,1.031020226
,1.078467003
,1.003875953
,1.018411816
,0.964668213
,0.947789528
,0.852562808
,0.608994719
,0.451004339
,0.38411866
,0.398923065
,0.399598498
,0.372699654
,0.349422628
,0.377136063
,0.410054829
,0.625597304
,0.743553291
,0.826195271
,0.93049286
,0.965376607
,1.039611932
,1.012565235
,1.030212732
,0.980740173
,1.027608495
,1.00232734
,0.918358975
,0.915365774
,0.842917688
,0.714298613
,0.590896202
,0.430651852
,0.385543489
,0.399010841
,0.357535907
,0.336678824
,0.291900856
,0.323943028
,0.366890411
,0.623145173
,0.745526496
,0.815827598
,0.920146964
,0.878783423
,0.929473838
,0.963390909
,0.927829343
,0.83444283
,0.878161438
,0.873683565
,0.869990767
,0.849191415
,0.851087163
,0.747792026
,0.574160212
,0.440298523
,0.410794215
,0.415058181
,0.411143239
,0.383876087
,0.401961926
,0.447458088
,0.564022701
,0.680172685
,0.733789101
,0.817553691
,0.919524551
,0.914400349
,1.018606149
,0.962435198
,0.989374411
,1.027789252
,1.019170724
,0.995945332
,1.086527484
,1.078828796
,0.962334359
,0.870503097
,0.618006442
,0.475546483
,0.372167943
,0.33406942
,0.354927172
,0.337791542
,0.336967068
,0.35835696
,0.39459136
,0.620489753
,0.709042996
,0.79401217
,0.903332586
,0.924525281
,0.891018101
,0.918747768
,0.968549781
,0.937504544
,0.905506221
,0.918636787
,0.833038428
,0.833028162
,0.778501888
,0.746828373
,0.52621034
,0.333225229
,0.231684701
,0.190468489
,0.201696928
,0.227165891
,0.239792294
,0.258940277
,0.37103257
,0.610353562
,0.690618325
,0.762894446
,0.811394602
,0.760004776
,0.824525958
,0.860134679
,0.883170005
,0.917963764
,0.939412324
,0.884972034
,0.881653229
,0.914715071
,0.832705386
,0.759642612
,0.562699734
,0.412951156
,0.318703735
,0.334364956
,0.352790131
,0.365063062
,0.354239381
,0.411932279
,0.49540487
,0.689706106
,0.726423083
,0.807133261
,0.942086141
,1.062627238
,1.078919712
,1.155085626
,1.087739308
,1.0220926
,1.021536836
,1.016219348
,1.031062049
,1.031660058
,0.887889481
,0.810304785
,0.557606497
,0.386597019
,0.300835549
,0.300958551
,0.308584918
,0.27465279
,0.231305587
,0.252971396
,0.32528238
,0.639090577
,0.656992867
,0.776575705
,0.868811618
,0.906334474
,0.911574585
,0.91787102
,1.001281727
,0.965213275
,0.959947297
,0.913853668
,0.910976147
,0.92121217
,0.866915779
,0.790142107
,0.540984463
,0.391067883
,0.297513059
,0.276776255
,0.292993564
,0.286369494
,0.293234042
,0.304587168
,0.413159954
,0.640539079
,0.674021742
,0.774981069
,0.869456277
,0.854247559
,0.88644555
,0.937006709
,0.946599464
,0.899466503
,0.920848485
,0.935243655
,0.901138653
,0.910870463
,0.82042796
,0.677379687
,0.526257694
,0.402390329
,0.348937772
,0.340704533
,0.362994921
,0.338401828
,0.320325919
,0.33652208
,0.429678331
,0.630005995
,0.738124144
,0.773793896
,0.885394198
,0.949681489
,0.898414304
,0.986103724
,0.915411354
,0.818083503
,0.825108515
,0.83981706
,0.865171112
,0.869125508
,0.867752174
,0.810547825
,0.608295744
,0.460141376
,0.393461063
,0.392025968
,0.390436836
,0.376784444
,0.361865683
,0.423261298
,0.537683275
,0.692269721
,0.67187596
,0.759465368
,0.895472821
,0.909200761
,0.992298349
,0.939224123
,0.992308025
,0.955110015
,0.967675892
,0.957280049
,0.983237595
,0.962950394
,0.915576041
,0.837447937
,0.592179729
,0.422226037
,0.347070736
,0.314917998
,0.32603097
,0.329560247
,0.324457916
,0.32522059
,0.394021126
,0.618404459
,0.661839784
,0.746558974
,0.849512862
,0.843514106
,0.833501565
,0.898327612
,0.910897113
,0.932807629
,0.962210442
,0.939651457
,0.942346899
,0.866381714
,0.859721693
,0.751824843
,0.560037374
,0.368375181
,0.279866461
,0.278877599
,0.274702097
,0.307576338
,0.301098862
,0.309740131
,0.369486502
,0.628904691
,0.6849792
,0.739106046
,0.841355817
,0.815538953
,0.860247941
,0.867655305
,0.910585238
,0.902550138
,0.921439874
,0.920934615
,0.932921819
,0.938992425
,0.874837051
,0.772312295
,0.5659304
,0.399791283
,0.310640743
,0.307527239
,0.28707199
,0.270614713
,0.28116739
,0.268394005
,0.36041086
,0.639386
,0.72965301
,0.774408773
,0.885711703
,0.964819969
,1.004955095
,1.014864257
,1.030371499
,0.966342751
,1.013906731
,0.985838257
,1.016241275
,0.97076548
,0.911256785
,0.813036575
,0.587473686
,0.407544429
,0.345491404
,0.329445077
,0.335393804
,0.309755833
,0.299181127
,0.298687262
,0.362953334
,0.641024472
,0.713331151
,0.763394163
,0.85279087
,0.864867414
,0.894332477
,0.895303822
,0.970041281
,0.909890193
,0.94825951
,0.927219354
,0.96965414
,0.935331328
,0.850080873
,0.797801871
,0.576521158
,0.399559223
,0.343398139
,0.314460786
,0.299270545
,0.308862375
,0.338035253
,0.303767074
,0.371828921
,0.634910342
,0.691287968
,0.745518385
,0.846995019
,0.870324202
,0.87610171
,0.86709155
,0.924246643
,0.911817603
,0.903848114
,0.864109574
,0.881333589
,0.857354137
,0.822479201
,0.682681761
,0.544418763
,0.410277245
,0.314508747
,0.296004631
,0.283365473
,0.271965619
,0.245651108
,0.24836664
,0.311087033
,0.578219532
,0.66878656
,0.767043166
,0.793163874
,0.795577456
,0.845881296
,0.853587948
,0.894225256
,0.780613649
,0.838098115
,0.859330324
,0.882575992
,0.864532554
,0.82687032
,0.74426195
,0.605882938
,0.425469746
,0.35777237
,0.32710635
,0.336447342
,0.307646567
,0.302274048
,0.346706734
,0.400734453
,0.57710121
,0.635445047
,0.756518023
,0.870630775
,0.849013415
,0.895412084
,0.910400447
,0.910154882
,0.874247927
,0.941231585
,0.935725808
,0.868533736
,0.872854217
,0.863513319
,0.807751612
,0.57227361
,0.418064077
,0.320835714
,0.334616953
,0.342588433
,0.324345459
,0.354007354
,0.357787927
,0.41701929
,0.651301236
,0.697221776
,0.78903218
,0.829194905
,0.851475327
,0.839555092
,0.8776968
,0.910972707
,0.870428729
,0.940318801
,0.892285971
,0.882205866
,0.863957955
,0.80333074
,0.742770788
,0.580677803
,0.401881925
,0.340831207
,0.350915605
,0.361015772
,0.363159686
,0.361477821
,0.35364737
,0.441484909
,0.657455924
,0.697100792
,0.772612977
,0.852243083
,0.871390444
,0.909388721
,0.884231904
,0.916217915
,0.895103625
,0.896743541
,0.904217646
,0.925660578
,0.863884126
,0.799726967
,0.774530981
,0.586419655
,0.396080862
,0.32061375
,0.302028498
,0.285808472
,0.268620092
,0.270386852
,0.270186296
,0.343735551
,0.642736955
,0.721310291
,0.787311963
,0.880504756
,0.878468531
,0.891168805
,0.848501625
,0.903708205
,0.856418061
,0.918531593
,0.898279814
,0.929027912
,0.869425867
,0.861208813
,0.808007323
,0.621549285
,0.427703786
,0.328583473
,0.310766573
,0.303045882
,0.316245356
,0.362420976
,0.321107809
,0.381374738
,0.657698214
,0.710090741
,0.768444948
,0.801426453
,0.834880772
,0.878508252
,0.869595161
,0.890907462
,0.875749985
,0.856393825
,0.889697372
,0.876332029
,0.877681585
,0.808822433
,0.801766473
,0.611893444
,0.439531272
,0.34665929
,0.321590769
,0.319882505
,0.343916718
,0.390474471
,0.324436574
,0.401339573
,0.623712307
,0.678586029
,0.748398501
,0.861671611
,0.884418051
,0.838381969
,0.867240299
,0.901279771
,0.870489924
,0.914653783
,0.849140374
,0.890034211
,0.875405959
,0.810888432
,0.73419106
,0.584319025
,0.397816577
,0.326044124
,0.312105979
,0.311917464
,0.311681541
,0.314502537
,0.326867001
,0.394399348
,0.571270189
,0.642303428
,0.759035541
,0.821837247
,0.785494847
,0.765010656
,0.822554148
,0.817913504
,0.80474759
,0.830817974
,0.823787728
,0.849887466
,0.811262304
,0.780384355
,0.747042225
,0.640295476
,0.412718467
,0.374509837
,0.355685522
,0.387184962
,0.362095106
,0.379753593
,0.417620531
,0.432092692
,0.61157072
,0.618088339
,0.75762741
,0.849213567
,0.846722164
,0.86441052
,0.851226921
,0.869454952
,0.848260579
,0.853158503
,0.804344027
,0.796145513
,0.766545204
,0.812449246
,0.774200981
,0.595339731
,0.439594037
,0.360362823
,0.368460045
,0.375444987
,0.350200083
,0.365226325
,0.358408205
,0.409800456
,0.618355477
,0.669280607
,0.77478481
,0.808453484
,0.798314419
,0.830837879
,0.840339565
,0.850387527
,0.87265337
,0.883497274
,0.874204979
,0.867872164
,0.828155387
,0.805519539
,0.786738294
,0.642265032
,0.45504446
,0.367611079
,0.383381804
,0.390997411
,0.377720027
,0.399464043
,0.408429189
,0.443727765
,0.663929343
,0.670341639
,0.781738163
,0.8071369
,0.835575829
,0.853213782
,0.852836101
,0.837803661
,0.846464742
,0.8965063
,0.881426519
,0.876155465
,0.84825106
,0.840710943
,0.791053726
,0.588816616
,0.403322678
,0.347422387
,0.353412494
,0.32888353
,0.34333681
,0.36003624
,0.352299391
,0.423332483
,0.663921199
,0.713840026
,0.771412648
,0.851523721
,0.858825196
,0.841240671
,0.874589015
,0.881405548
,0.871140771
,0.947281925
,0.93563946
,0.887880767
,0.928337542
,0.862852844
,0.828612894
,0.625091634
,0.448764277
,0.38691596
,0.397083786
,0.399865436
,0.380687919
,0.411498792
,0.388218749
,0.455546019
,0.68339176
,0.688482785
,0.791085435
,0.809594099
,0.884454493
,0.881307938
,0.880260923
,0.95366612
,0.914195437
,0.91756028
,0.871991328
,0.848452966
,0.921638446
,0.842918886
,0.85375748
,0.631712948
,0.465261608
,0.37369754
